Year,0,1,2,3,4,5,6,7,8,9,10,11,12,13,14,15,16,17,18,19,20,21,22,23,24,25,26,27,28,29,30,31,32,33,34,35,36,37,38,39,40,41,42,43,44,45,46,47,48,49,50,51,52,53,54,55,56,57,58,59,60,61,62,63,64,65,66,67,68,69,70,71,72,73,74,75,76,77,78,79,80,81,82,83,84,85,86,87,88,89,90,91,92,93,94,95,96,97,98,99,100,101,102,103,104,105,106,107,108,109,110,111,112,113,114,115,116,117,118,119
2018,0.005075,0.000334,0.000205,0.000159,0.00014,0.000121,0.000108,0.000098,0.000091,0.000088,0.000089,0.000095,0.000109,0.000132,0.000161,0.000195,0.000231,0.000269,0.00031,0.000353,0.000398,0.000444,0.000486,0.000521,0.000551,0.000581,0.000614,0.000651,0.000696,0.000746,0.000799,0.000853,0.000905,0.000953,0.000999,0.00105,0.001108,0.001168,0.00123,0.001298,0.001376,0.001466,0.00157,0.001688,0.001823,0.001972,0.00214,0.002341,0.002579,0.00285,0.003142,0.003449,0.003775,0.00412,0.004481,0.004878,0.005292,0.005684,0.006037,0.006377,0.006756,0.007201,0.007698,0.008257,0.008891,0.009628,0.010472,0.011412,0.012453,0.013621,0.014993,0.016567,0.018282,0.020131,0.02218,0.024595,0.027397,0.030478,0.033838,0.037587,0.041957,0.047019,0.05268,0.058971,0.066016,0.073966,0.082954,0.093076,0.104389,0.116912,0.130649,0.145589,0.161709,0.178983,0.197374,0.215967,0.234465,0.252542,0.269854,0.286046,0.303208,0.321401,0.340685,0.361126,0.382794,0.405761,0.430107,0.455913,0.483268,0.512264,0.543,0.57558,0.610115,0.646722,0.685525,0.726656,0.770256,0.809628,0.85011,0.892615
2019,0.004986,0.000328,0.000201,0.000156,0.000137,0.000119,0.000106,0.000097,0.000091,0.000087,0.000088,0.000095,0.000108,0.00013,0.000159,0.000192,0.000227,0.000266,0.000307,0.00035,0.000397,0.000444,0.000487,0.000523,0.000555,0.000585,0.000619,0.000657,0.000704,0.000755,0.000811,0.000866,0.000919,0.000967,0.001012,0.001062,0.001119,0.001177,0.001237,0.001301,0.001376,0.001464,0.001564,0.001679,0.00181,0.001955,0.00212,0.00232,0.002559,0.002833,0.003128,0.003437,0.003767,0.004118,0.004486,0.004891,0.005312,0.005704,0.006052,0.006381,0.006749,0.007184,0.007665,0.008201,0.00881,0.009516,0.010332,0.011262,0.012318,0.013517,0.014932,0.016542,0.018264,0.02008,0.022068,0.024397,0.027127,0.030199,0.033635,0.037514,0.042051,0.047237,0.052902,0.05903,0.065802,0.073457,0.082201,0.092176,0.103449,0.116024,0.129877,0.144964,0.161234,0.17863,0.197092,0.215754,0.234311,0.252433,0.269768,0.285954,0.303111,0.321297,0.340575,0.36101,0.38267,0.405631,0.429968,0.455767,0.483113,0.512099,0.542825,0.575395,0.609918,0.646514,0.685304,0.726423,0.766937,0.805284,0.845548,0.887826
2020,0.0049,0.000322,0.000197,0.000153,0.000135,0.000117,0.000105,0.000096,0.00009,0.000087,0.000088,0.000094,0.000108,0.000129,0.000157,0.000189,0.000224,0.000262,0.000304,0.000348,0.000396,0.000444,0.000488,0.000524,0.000556,0.000587,0.000622,0.000662,0.000709,0.000762,0.000819,0.000876,0.000929,0.000976,0.001021,0.00107,0.001126,0.001182,0.00124,0.001302,0.001373,0.001458,0.001556,0.001667,0.001796,0.001937,0.0021,0.002298,0.002538,0.002813,0.003109,0.003419,0.003752,0.004107,0.00448,0.004891,0.005315,0.005707,0.006049,0.006368,0.006724,0.007146,0.007615,0.008139,0.008735,0.009427,0.010229,0.011145,0.012188,0.013374,0.014777,0.016373,0.018079,0.019874,0.02184,0.024144,0.026852,0.029903,0.033322,0.037186,0.041706,0.046876,0.052529,0.058651,0.065419,0.07307,0.081806,0.091764,0.103014,0.115557,0.129372,0.144416,0.160638,0.177984,0.196394,0.215002,0.233505,0.251573,0.268852,0.284984,0.302083,0.320208,0.33942,0.359785,0.381372,0.404255,0.42851,0.454221,0.481474,0.510362,0.540984,0.573443,0.60785,0.644321,0.68298,0.723959,0.764435,0.802657,0.84279,0.884929
2021,0.004816,0.000317,0.000194,0.00015,0.000132,0.000116,0.000103,0.000095,0.000089,0.000086,0.000087,0.000093,0.000107,0.000128,0.000156,0.000187,0.000221,0.000259,0.000301,0.000345,0.000394,0.000443,0.000487,0.000524,0.000557,0.000589,0.000623,0.000664,0.000712,0.000766,0.000824,0.000882,0.000935,0.000982,0.001026,0.001075,0.001129,0.001184,0.00124,0.001299,0.001369,0.001451,0.001546,0.001655,0.001781,0.00192,0.00208,0.002276,0.002516,0.002791,0.003087,0.003397,0.003731,0.004089,0.004465,0.004879,0.005305,0.005695,0.006031,0.006341,0.006687,0.007098,0.007556,0.00807,0.008657,0.009338,0.010128,0.011032,0.012063,0.013236,0.014627,0.016209,0.017898,0.019674,0.021618,0.023901,0.026587,0.029615,0.033011,0.036852,0.041346,0.04649,0.052126,0.058244,0.065015,0.072668,0.081399,0.091342,0.102564,0.115069,0.128835,0.143825,0.15999,0.177276,0.195627,0.214175,0.232618,0.250624,0.267843,0.283913,0.300948,0.319005,0.338145,0.358434,0.37994,0.402737,0.426901,0.452515,0.479666,0.508446,0.538952,0.57129,0.605567,0.641901,0.680415,0.72124,0.761565,0.799643,0.839625,0.881607
2022,0.004734,0.000311,0.000191,0.000148,0.00013,0.000114,0.000102,0.000093,0.000088,0.000085,0.000086,0.000092,0.000105,0.000126,0.000154,0.000185,0.000218,0.000256,0.000298,0.000343,0.000392,0.000441,0.000486,0.000524,0.000557,0.000588,0.000624,0.000664,0.000713,0.000768,0.000827,0.000885,0.000939,0.000986,0.001029,0.001076,0.00113,0.001183,0.001237,0.001295,0.001362,0.001442,0.001535,0.001642,0.001765,0.001901,0.00206,0.002254,0.002492,0.002768,0.003063,0.003372,0.003706,0.004064,0.004442,0.004858,0.005284,0.005673,0.006003,0.006304,0.00664,0.007041,0.00749,0.007996,0.008575,0.009248,0.010029,0.010923,0.011942,0.013103,0.014481,0.016049,0.017721,0.019479,0.021402,0.023665,0.02633,0.029335,0.032703,0.036514,0.040975,0.046087,0.051703,0.057817,0.064596,0.072256,0.080985,0.090912,0.102103,0.114563,0.128274,0.143201,0.159298,0.176517,0.194802,0.213283,0.231658,0.249597,0.266749,0.282754,0.299719,0.317702,0.336764,0.35697,0.378388,0.401092,0.425157,0.450667,0.477707,0.506369,0.536751,0.568956,0.603093,0.639279,0.677636,0.718294,0.758408,0.796329,0.836145,0.877952
2023,0.004653,0.000306,0.000188,0.000145,0.000128,0.000112,0.000101,0.000092,0.000087,0.000084,0.000085,0.000091,0.000104,0.000125,0.000152,0.000182,0.000216,0.000253,0.000295,0.00034,0.00039,0.000439,0.000484,0.000522,0.000556,0.000587,0.000623,0.000664,0.000713,0.000769,0.000828,0.000886,0.00094,0.000986,0.001029,0.001076,0.001128,0.00118,0.001233,0.001289,0.001354,0.001433,0.001523,0.001628,0.001749,0.001883,0.002039,0.002232,0.002469,0.002743,0.003037,0.003345,0.003677,0.004036,0.004414,0.004829,0.005256,0.005641,0.005966,0.006259,0.006586,0.006978,0.007418,0.007918,0.008491,0.009159,0.009932,0.010817,0.011825,0.012975,0.014339,0.015892,0.017549,0.019288,0.021192,0.023435,0.02608,0.02906,0.032398,0.036175,0.040596,0.045671,0.051265,0.057377,0.064166,0.071836,0.080566,0.090477,0.101634,0.114045,0.127694,0.14255,0.158573,0.175718,0.193932,0.21234,0.230642,0.248509,0.265589,0.281524,0.298416,0.31632,0.3353,0.355418,0.376743,0.399347,0.423308,0.448707,0.475629,0.504167,0.534417,0.566482,0.600471,0.636499,0.674689,0.71517,0.75503,0.792782,0.832421,0.874042
2024,0.004575,0.000302,0.000185,0.000143,0.000126,0.000111,0.000099,0.000091,0.000085,0.000083,0.000084,0.00009,0.000103,0.000123,0.00015,0.00018,0.000213,0.000251,0.000293,0.000338,0.000387,0.000437,0.000482,0.00052,0.000554,0.000586,0.000621,0.000662,0.000712,0.000768,0.000827,0.000886,0.000939,0.000985,0.001027,0.001073,0.001124,0.001176,0.001227,0.001281,0.001345,0.001422,0.001511,0.001613,0.001733,0.001865,0.002019,0.00221,0.002445,0.002718,0.003009,0.003315,0.003646,0.004003,0.00438,0.004796,0.00522,0.005603,0.005922,0.006208,0.006526,0.00691,0.007343,0.007837,0.008406,0.009069,0.009836,0.010713,0.011712,0.012849,0.0142,0.015739,0.01738,0.019102,0.020986,0.023211,0.025837,0.028791,0.032096,0.035836,0.040213,0.045247,0.050817,0.056928,0.063729,0.071412,0.080143,0.090038,0.101159,0.113516,0.127098,0.141879,0.157823,0.174887,0.193026,0.211358,0.229583,0.247373,0.264378,0.28024,0.297055,0.314878,0.333771,0.353797,0.375025,0.397526,0.421378,0.446661,0.47346,0.501868,0.53198,0.563899,0.597733,0.633597,0.671612,0.711909,0.751483,0.789057,0.82851,0.869936
2025,0.004498,0.000297,0.000182,0.000141,0.000124,0.000109,0.000098,0.00009,0.000084,0.000082,0.000083,0.000089,0.000102,0.000122,0.000148,0.000178,0.000211,0.000248,0.00029,0.000335,0.000385,0.000435,0.00048,0.000518,0.000551,0.000583,0.000619,0.00066,0.00071,0.000766,0.000825,0.000884,0.000937,0.000983,0.001024,0.001069,0.00112,0.00117,0.00122,0.001273,0.001335,0.001411,0.001498,0.001599,0.001716,0.001847,0.001998,0.002187,0.002421,0.002691,0.002981,0.003284,0.003613,0.003968,0.004344,0.004758,0.00518,0.005559,0.005873,0.006152,0.006461,0.006837,0.007264,0.007754,0.00832,0.008979,0.009741,0.010612,0.011601,0.012727,0.014064,0.015589,0.017214,0.018919,0.020785,0.022992,0.025598,0.028526,0.031797,0.035497,0.039828,0.044819,0.050363,0.056472,0.063287,0.070984,0.079717,0.089596,0.100679,0.11298,0.126492,0.141193,0.157053,0.174034,0.192093,0.210346,0.228491,0.246201,0.263128,0.278916,0.29565,0.313389,0.332193,0.352124,0.373252,0.395647,0.419386,0.444549,0.471222,0.499495,0.529465,0.561233,0.594907,0.630601,0.668437,0.708543,0.747809,0.785199,0.824459,0.865682
2026,0.004422,0.000292,0.000179,0.000139,0.000122,0.000107,0.000096,0.000088,0.000083,0.000081,0.000082,0.000088,0.0001,0.00012,0.000147,0.000176,0.000209,0.000246,0.000288,0.000333,0.000382,0.000432,0.000477,0.000515,0.000549,0.000581,0.000616,0.000657,0.000707,0.000763,0.000822,0.000881,0.000934,0.000979,0.00102,0.001064,0.001114,0.001163,0.001212,0.001264,0.001325,0.001399,0.001484,0.001584,0.0017,0.001828,0.001978,0.002165,0.002396,0.002665,0.002951,0.003252,0.003579,0.003932,0.004305,0.004716,0.005136,0.005511,0.005819,0.006092,0.006394,0.006763,0.007183,0.007669,0.008233,0.00889,0.009648,0.010513,0.011493,0.012607,0.013932,0.015442,0.017051,0.01874,0.020588,0.022778,0.025365,0.028267,0.031502,0.035161,0.039442,0.044388,0.049905,0.056013,0.062842,0.070554,0.079291,0.089153,0.100197,0.112439,0.125878,0.140497,0.156269,0.173163,0.191142,0.209311,0.227374,0.245002,0.261849,0.27756,0.294214,0.311866,0.330578,0.350413,0.371438,0.393724,0.417348,0.442388,0.468932,0.497068,0.526892,0.558505,0.592016,0.627536,0.665189,0.7051,0.74404,0.781242,0.820304,0.861319
2027,0.004348,0.000288,0.000176,0.000137,0.00012,0.000106,0.000095,0.000087,0.000082,0.00008,0.000081,0.000086,0.000099,0.000119,0.000145,0.000175,0.000207,0.000244,0.000285,0.00033,0.00038,0.000429,0.000474,0.000512,0.000546,0.000577,0.000613,0.000654,0.000704,0.000759,0.000819,0.000877,0.000929,0.000974,0.001014,0.001058,0.001107,0.001155,0.001203,0.001254,0.001314,0.001386,0.001471,0.001569,0.001683,0.00181,0.001958,0.002143,0.002372,0.002638,0.002922,0.003219,0.003543,0.003893,0.004264,0.004672,0.005089,0.00546,0.005763,0.006029,0.006324,0.006686,0.007101,0.007584,0.008147,0.008802,0.009557,0.010415,0.011387,0.01249,0.013801,0.015297,0.016891,0.018564,0.020394,0.022568,0.025136,0.028012,0.03121,0.034827,0.039058,0.043957,0.049446,0.055553,0.062397,0.070125,0.078864,0.088708,0.099713,0.111895,0.125259,0.139792,0.155475,0.172281,0.190176,0.208261,0.226239,0.243783,0.260549,0.276182,0.292753,0.310318,0.328938,0.348674,0.369594,0.39177,0.415276,0.440193,0.466604,0.4946,0.524276,0.555733,0.589077,0.624422,0.661887,0.7016,0.740203,0.777213,0.816074,0.856877
2028,0.004276,0.000283,0.000174,0.000135,0.000118,0.000104,0.000094,0.000086,0.000081,0.000078,0.000079,0.000085,0.000098,0.000117,0.000143,0.000173,0.000205,0.000241,0.000283,0.000328,0.000377,0.000426,0.000471,0.000509,0.000542,0.000574,0.000609,0.00065,0.0007,0.000755,0.000814,0.000872,0.000924,0.000969,0.001008,0.001051,0.001099,0.001147,0.001194,0.001244,0.001303,0.001374,0.001457,0.001553,0.001666,0.001792,0.001938,0.002121,0.002347,0.00261,0.002892,0.003186,0.003507,0.003854,0.004221,0.004627,0.00504,0.005407,0.005705,0.005965,0.006253,0.006608,0.007018,0.007499,0.00806,0.008714,0.009466,0.01032,0.011284,0.012375,0.013673,0.015155,0.016734,0.018391,0.020204,0.022362,0.024912,0.027761,0.030923,0.034496,0.038675,0.043527,0.048988,0.055093,0.061952,0.069696,0.078438,0.088265,0.099228,0.111349,0.124636,0.139083,0.154674,0.17139,0.189201,0.2072,0.225092,0.242552,0.259235,0.274789,0.291277,0.308753,0.327278,0.346915,0.36773,0.389794,0.413181,0.437972,0.464251,0.492106,0.521632,0.55293,0.586106,0.621272,0.658548,0.698061,0.736319,0.773135,0.811792,0.852381
2029,0.004204,0.000279,0.000171,0.000133,0.000117,0.000103,0.000092,0.000085,0.00008,0.000077,0.000078,0.000084,0.000096,0.000116,0.000142,0.000171,0.000203,0.000239,0.000281,0.000325,0.000374,0.000423,0.000468,0.000506,0.000539,0.00057,0.000605,0.000646,0.000695,0.000751,0.000809,0.000867,0.000919,0.000963,0.001002,0.001044,0.001091,0.001138,0.001185,0.001233,0.001291,0.001361,0.001443,0.001538,0.00165,0.001773,0.001918,0.002099,0.002323,0.002583,0.002861,0.003153,0.00347,0.003814,0.004178,0.00458,0.00499,0.005352,0.005645,0.005899,0.006181,0.006529,0.006935,0.007413,0.007974,0.008627,0.009377,0.010226,0.011182,0.012263,0.013548,0.015016,0.016579,0.018221,0.020018,0.02216,0.024692,0.027515,0.030639,0.034169,0.038296,0.043099,0.048532,0.054636,0.061509,0.069268,0.078013,0.087822,0.098743,0.110802,0.124012,0.13837,0.15387,0.170495,0.18822,0.206132,0.223937,0.241311,0.257912,0.273386,0.289789,0.307177,0.325607,0.345144,0.365853,0.387804,0.411072,0.435736,0.46188,0.489593,0.518969,0.550107,0.583113,0.6181,0.655186,0.694497,0.732404,0.769025,0.807476,0.84785
2030,0.004134,0.000275,0.000169,0.000131,0.000115,0.000101,0.000091,0.000084,0.000079,0.000076,0.000077,0.000083,0.000095,0.000114,0.00014,0.000169,0.000201,0.000237,0.000278,0.000323,0.000371,0.00042,0.000465,0.000502,0.000535,0.000567,0.000601,0.000642,0.000691,0.000746,0.000804,0.000861,0.000912,0.000956,0.000994,0.001036,0.001083,0.001129,0.001175,0.001223,0.001279,0.001348,0.001429,0.001523,0.001633,0.001755,0.001898,0.002077,0.002298,0.002556,0.002831,0.003119,0.003433,0.003773,0.004134,0.004532,0.004938,0.005297,0.005584,0.005833,0.006108,0.00645,0.006851,0.007328,0.007888,0.008542,0.009289,0.010134,0.011082,0.012152,0.013425,0.014878,0.016427,0.018053,0.019834,0.021961,0.024476,0.027272,0.03036,0.033845,0.03792,0.042675,0.048079,0.05418,0.061069,0.068843,0.07759,0.08738,0.098259,0.110256,0.123387,0.137657,0.153064,0.169597,0.187236,0.205061,0.222778,0.240066,0.256583,0.271978,0.288297,0.305594,0.32393,0.343366,0.363968,0.385806,0.408954,0.433491,0.459501,0.487071,0.516295,0.547273,0.580109,0.614916,0.651811,0.690919,0.728472,0.764896,0.803141,0.843298
2031,0.004066,0.000271,0.000166,0.000129,0.000113,0.0001,0.00009,0.000082,0.000077,0.000075,0.000076,0.000081,0.000093,0.000113,0.000139,0.000168,0.000199,0.000235,0.000276,0.00032,0.000369,0.000417,0.000462,0.000499,0.000532,0.000563,0.000597,0.000637,0.000686,0.000741,0.000799,0.000855,0.000906,0.000949,0.000987,0.001028,0.001074,0.00112,0.001165,0.001212,0.001267,0.001335,0.001415,0.001508,0.001616,0.001737,0.001879,0.002055,0.002274,0.002529,0.002801,0.003086,0.003396,0.003733,0.004089,0.004484,0.004886,0.00524,0.005522,0.005766,0.006035,0.006371,0.006768,0.007243,0.007804,0.008457,0.009203,0.010044,0.010984,0.012044,0.013303,0.014743,0.016278,0.017889,0.019653,0.021765,0.024263,0.027033,0.030084,0.033526,0.037549,0.042255,0.04763,0.053729,0.060632,0.06842,0.077169,0.08694,0.097776,0.10971,0.122763,0.136945,0.152259,0.168699,0.186251,0.203988,0.221618,0.23882,0.255252,0.270567,0.286801,0.30401,0.32225,0.341585,0.36208,0.383805,0.406833,0.431243,0.457118,0.484545,0.513618,0.544435,0.577101,0.611727,0.648431,0.687336,0.724534,0.76076,0.798798,0.838738
2032,0.003998,0.000267,0.000164,0.000127,0.000111,0.000098,0.000089,0.000081,0.000076,0.000074,0.000075,0.00008,0.000092,0.000111,0.000137,0.000166,0.000197,0.000233,0.000274,0.000318,0.000366,0.000414,0.000458,0.000495,0.000528,0.000559,0.000593,0.000633,0.000681,0.000735,0.000793,0.000849,0.000899,0.000942,0.000979,0.00102,0.001065,0.00111,0.001154,0.001201,0.001256,0.001322,0.001401,0.001492,0.0016,0.00172,0.001859,0.002034,0.00225,0.002502,0.002771,0.003052,0.003359,0.003692,0.004045,0.004436,0.004834,0.005183,0.00546,0.005699,0.005962,0.006292,0.006686,0.007159,0.00772,0.008373,0.009118,0.009954,0.010887,0.011937,0.013184,0.01461,0.01613,0.017727,0.019476,0.021573,0.024053,0.026798,0.029812,0.033211,0.037181,0.041839,0.047185,0.053282,0.060198,0.068001,0.076751,0.086501,0.097295,0.109166,0.12214,0.136234,0.151455,0.167803,0.185268,0.202917,0.220459,0.237574,0.253922,0.269158,0.285307,0.302426,0.320571,0.339806,0.360194,0.381806,0.404714,0.428997,0.454736,0.482021,0.510942,0.541598,0.574094,0.60854,0.645052,0.683756,0.720596,0.756626,0.794457,0.83418
2033,0.003932,0.000263,0.000161,0.000125,0.00011,0.000097,0.000087,0.00008,0.000075,0.000073,0.000073,0.000079,0.000091,0.00011,0.000136,0.000164,0.000196,0.000231,0.000272,0.000316,0.000363,0.000411,0.000455,0.000492,0.000524,0.000555,0.000588,0.000628,0.000676,0.00073,0.000787,0.000842,0.000893,0.000935,0.000971,0.001012,0.001056,0.001101,0.001144,0.00119,0.001244,0.00131,0.001387,0.001477,0.001584,0.001702,0.00184,0.002013,0.002227,0.002476,0.002741,0.003019,0.003323,0.003652,0.004,0.004387,0.004781,0.005126,0.005399,0.005632,0.005889,0.006214,0.006604,0.007076,0.007637,0.008291,0.009034,0.009867,0.010792,0.011832,0.013066,0.01448,0.015985,0.017567,0.019301,0.021384,0.023847,0.026567,0.029545,0.0329,0.036819,0.041429,0.046746,0.052839,0.059768,0.067584,0.076335,0.086066,0.096816,0.108625,0.12152,0.135525,0.150653,0.166909,0.184287,0.201848,0.219302,0.23633,0.252595,0.267751,0.283816,0.300845,0.318896,0.33803,0.358312,0.37981,0.402599,0.426755,0.45236,0.479502,0.508272,0.538768,0.571094,0.60536,0.641681,0.680182,0.716667,0.7525,0.790125,0.829631
2034,0.003866,0.000259,0.000159,0.000123,0.000108,0.000096,0.000086,0.000079,0.000074,0.000072,0.000072,0.000078,0.000089,0.000109,0.000134,0.000163,0.000194,0.000229,0.00027,0.000313,0.00036,0.000408,0.000451,0.000488,0.00052,0.00055,0.000584,0.000623,0.000671,0.000724,0.000781,0.000836,0.000886,0.000927,0.000963,0.001003,0.001047,0.001091,0.001133,0.001178,0.001232,0.001297,0.001373,0.001463,0.001568,0.001685,0.001821,0.001992,0.002203,0.002449,0.002712,0.002986,0.003286,0.003612,0.003956,0.004339,0.004729,0.005069,0.005337,0.005566,0.005817,0.006137,0.006522,0.006994,0.007555,0.008209,0.008951,0.00978,0.010699,0.011728,0.012951,0.014351,0.015843,0.017411,0.019129,0.021198,0.023644,0.026339,0.029281,0.032593,0.036462,0.041024,0.046311,0.052401,0.059343,0.067171,0.075922,0.085632,0.09634,0.108085,0.120902,0.134819,0.149855,0.166019,0.18331,0.200784,0.21815,0.235092,0.251273,0.266349,0.28233,0.29927,0.317226,0.33626,0.356436,0.377822,0.400491,0.42452,0.449992,0.476991,0.505611,0.535947,0.568104,0.60219,0.638322,0.676621,0.71275,0.748388,0.785807,0.825098
2035,0.003802,0.000256,0.000157,0.000121,0.000107,0.000094,0.000085,0.000078,0.000073,0.000071,0.000071,0.000076,0.000088,0.000107,0.000133,0.000161,0.000192,0.000228,0.000268,0.000311,0.000358,0.000405,0.000448,0.000484,0.000516,0.000546,0.000579,0.000619,0.000666,0.000719,0.000775,0.000829,0.000878,0.00092,0.000955,0.000994,0.001038,0.001081,0.001123,0.001167,0.00122,0.001284,0.001359,0.001448,0.001552,0.001667,0.001802,0.001971,0.00218,0.002423,0.002682,0.002954,0.00325,0.003572,0.003912,0.004291,0.004676,0.005013,0.005276,0.0055,0.005746,0.00606,0.006442,0.006912,0.007474,0.008129,0.00887,0.009695,0.010607,0.011626,0.012837,0.014224,0.015702,0.017256,0.01896,0.021015,0.023445,0.026114,0.029021,0.032291,0.036109,0.040624,0.045883,0.051969,0.058922,0.066762,0.075512,0.085201,0.095866,0.107549,0.120288,0.134117,0.149061,0.165133,0.182338,0.199724,0.217002,0.233858,0.249956,0.264954,0.280851,0.297702,0.315564,0.334498,0.354568,0.375842,0.398392,0.422296,0.447634,0.474492,0.502961,0.533139,0.565127,0.599035,0.634977,0.673076,0.708851,0.744294,0.781508,0.820584
2036,0.003739,0.000252,0.000154,0.00012,0.000105,0.000093,0.000084,0.000077,0.000072,0.000069,0.00007,0.000075,0.000087,0.000106,0.000131,0.00016,0.00019,0.000226,0.000265,0.000308,0.000355,0.000402,0.000445,0.000481,0.000512,0.000542,0.000575,0.000614,0.00066,0.000713,0.000769,0.000823,0.000871,0.000912,0.000947,0.000986,0.001029,0.001071,0.001113,0.001156,0.001208,0.001271,0.001346,0.001433,0.001536,0.00165,0.001784,0.00195,0.002157,0.002397,0.002653,0.002922,0.003214,0.003532,0.003868,0.004243,0.004624,0.004956,0.005215,0.005434,0.005675,0.005984,0.006362,0.006832,0.007394,0.008049,0.00879,0.009612,0.010516,0.011526,0.012725,0.014099,0.015564,0.017104,0.018793,0.020834,0.023248,0.025893,0.028765,0.031993,0.035762,0.040231,0.04546,0.051542,0.058506,0.066357,0.075106,0.084773,0.095395,0.107015,0.119677,0.133419,0.148271,0.164253,0.181371,0.19867,0.215861,0.232631,0.248647,0.263565,0.279379,0.296142,0.313911,0.332745,0.35271,0.373873,0.396305,0.420083,0.445288,0.472005,0.500326,0.530345,0.562166,0.595896,0.63165,0.669549,0.704972,0.74022,0.777231,0.816093
2037,0.003677,0.000248,0.000152,0.000118,0.000104,0.000092,0.000082,0.000076,0.000071,0.000068,0.000069,0.000074,0.000085,0.000104,0.00013,0.000158,0.000189,0.000224,0.000263,0.000306,0.000352,0.000399,0.000441,0.000477,0.000508,0.000538,0.000571,0.000609,0.000655,0.000707,0.000762,0.000816,0.000864,0.000904,0.000939,0.000977,0.00102,0.001062,0.001102,0.001145,0.001196,0.001259,0.001332,0.001419,0.00152,0.001633,0.001765,0.00193,0.002134,0.002372,0.002625,0.00289,0.003179,0.003493,0.003825,0.004196,0.004573,0.004901,0.005155,0.005369,0.005605,0.005908,0.006284,0.006752,0.007315,0.007971,0.00871,0.009529,0.010427,0.011427,0.012614,0.013976,0.015427,0.016954,0.018629,0.020656,0.023054,0.025675,0.028512,0.0317,0.035419,0.039842,0.045043,0.051121,0.058094,0.065955,0.074702,0.084348,0.094927,0.106485,0.11907,0.132726,0.147487,0.163378,0.18041,0.197622,0.214727,0.231412,0.247344,0.262185,0.277916,0.294591,0.312267,0.331003,0.350863,0.371915,0.39423,0.417883,0.442956,0.469534,0.497706,0.527568,0.559222,0.592775,0.628342,0.666043,0.701115,0.736171,0.77298,0.811629
2038,0.003616,0.000245,0.00015,0.000116,0.000102,0.00009,0.000081,0.000075,0.00007,0.000067,0.000068,0.000073,0.000084,0.000103,0.000128,0.000157,0.000187,0.000222,0.000261,0.000304,0.00035,0.000396,0.000438,0.000473,0.000504,0.000534,0.000566,0.000604,0.00065,0.000702,0.000756,0.000809,0.000857,0.000897,0.000931,0.000969,0.001011,0.001052,0.001092,0.001134,0.001185,0.001246,0.001319,0.001404,0.001505,0.001616,0.001747,0.00191,0.002112,0.002346,0.002596,0.002858,0.003144,0.003454,0.003782,0.004149,0.004522,0.004845,0.005095,0.005305,0.005535,0.005834,0.006206,0.006674,0.007237,0.007894,0.008632,0.009448,0.010339,0.01133,0.012506,0.013854,0.015293,0.016806,0.018467,0.020481,0.022863,0.02546,0.028264,0.031411,0.035082,0.03946,0.044633,0.050705,0.057687,0.065558,0.074302,0.083926,0.094461,0.105958,0.118467,0.132037,0.146708,0.162509,0.179456,0.196582,0.2136,0.2302,0.246051,0.260814,0.276463,0.29305,0.310633,0.329271,0.349028,0.369969,0.392167,0.415697,0.440639,0.467078,0.495102,0.524808,0.556297,0.589675,0.625055,0.662559,0.697283,0.732148,0.768755,0.807193
2039,0.003556,0.000241,0.000148,0.000115,0.000101,0.000089,0.00008,0.000074,0.000069,0.000066,0.000067,0.000071,0.000083,0.000102,0.000127,0.000155,0.000186,0.00022,0.000259,0.000301,0.000347,0.000393,0.000435,0.00047,0.0005,0.00053,0.000562,0.000599,0.000645,0.000696,0.00075,0.000803,0.00085,0.000889,0.000923,0.00096,0.001001,0.001042,0.001082,0.001124,0.001173,0.001234,0.001306,0.00139,0.001489,0.0016,0.001729,0.00189,0.002089,0.002321,0.002568,0.002827,0.003109,0.003416,0.00374,0.004102,0.004472,0.004791,0.005036,0.005242,0.005467,0.005761,0.00613,0.006596,0.00716,0.007818,0.008555,0.009368,0.010253,0.011234,0.012398,0.013735,0.01516,0.016661,0.018307,0.020308,0.022675,0.025249,0.028019,0.031126,0.03475,0.039084,0.044228,0.050294,0.057285,0.065164,0.073905,0.083507,0.093999,0.105434,0.117868,0.131353,0.145935,0.161646,0.178509,0.195548,0.212481,0.228996,0.244766,0.259452,0.275019,0.29152,0.309011,0.327552,0.347205,0.368037,0.390119,0.413526,0.438338,0.464638,0.492517,0.522068,0.553392,0.586595,0.621791,0.659098,0.693477,0.728151,0.764559,0.802787
2040,0.003497,0.000238,0.000146,0.000113,0.000099,0.000088,0.000079,0.000073,0.000068,0.000065,0.000066,0.00007,0.000082,0.0001,0.000125,0.000154,0.000184,0.000219,0.000257,0.000299,0.000344,0.00039,0.000431,0.000466,0.000497,0.000525,0.000557,0.000594,0.00064,0.00069,0.000744,0.000796,0.000842,0.000881,0.000915,0.000951,0.000992,0.001032,0.001072,0.001113,0.001162,0.001222,0.001292,0.001376,0.001474,0.001583,0.001711,0.00187,0.002067,0.002296,0.002541,0.002796,0.003075,0.003378,0.003698,0.004056,0.004422,0.004737,0.004977,0.005179,0.005399,0.005688,0.006054,0.00652,0.007084,0.007743,0.00848,0.009289,0.010167,0.01114,0.012293,0.013617,0.01503,0.016518,0.01815,0.020138,0.022489,0.02504,0.027778,0.030846,0.034423,0.038713,0.043829,0.04989,0.056888,0.064774,0.073511,0.083091,0.09354,0.104914,0.117273,0.130674,0.145167,0.16079,0.177568,0.194522,0.21137,0.227801,0.24349,0.258099,0.273585,0.29,0.3074,0.325844,0.345395,0.366119,0.388086,0.411371,0.436053,0.462216,0.489949,0.519346,0.550507,0.583537,0.61855,0.655663,0.689699,0.724183,0.760393,0.798412
2041,0.00344,0.000234,0.000144,0.000111,0.000098,0.000086,0.000078,0.000072,0.000067,0.000064,0.000064,0.000069,0.00008,0.000099,0.000124,0.000152,0.000183,0.000217,0.000255,0.000297,0.000342,0.000387,0.000428,0.000462,0.000493,0.000521,0.000553,0.00059,0.000634,0.000685,0.000738,0.000789,0.000835,0.000874,0.000907,0.000943,0.000983,0.001023,0.001061,0.001102,0.00115,0.00121,0.001279,0.001362,0.001459,0.001567,0.001693,0.001851,0.002046,0.002272,0.002513,0.002766,0.003041,0.00334,0.003657,0.004011,0.004372,0.004683,0.00492,0.005117,0.005332,0.005617,0.00598,0.006445,0.00701,0.007669,0.008405,0.009211,0.010083,0.011047,0.012189,0.013501,0.014901,0.016376,0.017996,0.019971,0.022306,0.024835,0.02754,0.03057,0.034102,0.038348,0.043436,0.049491,0.056496,0.064389,0.073121,0.082677,0.093084,0.104398,0.116683,0.13,0.144406,0.159941,0.176635,0.193504,0.210267,0.226615,0.242223,0.256757,0.272162,0.288492,0.305801,0.324149,0.343598,0.364214,0.386067,0.409231,0.433785,0.459812,0.487401,0.516645,0.547644,0.580502,0.615332,0.652252,0.685948,0.720245,0.756257,0.79407
2042,0.003383,0.000231,0.000142,0.00011,0.000096,0.000085,0.000077,0.000071,0.000066,0.000063,0.000063,0.000068,0.000079,0.000098,0.000123,0.000151,0.000181,0.000215,0.000253,0.000294,0.000339,0.000384,0.000425,0.000459,0.000489,0.000517,0.000548,0.000585,0.000629,0.000679,0.000732,0.000783,0.000828,0.000866,0.000899,0.000934,0.000974,0.001013,0.001051,0.001092,0.001139,0.001198,0.001267,0.001348,0.001444,0.001551,0.001676,0.001832,0.002024,0.002248,0.002486,0.002736,0.003008,0.003304,0.003616,0.003966,0.004324,0.00463,0.004863,0.005056,0.005267,0.005546,0.005906,0.006371,0.006936,0.007596,0.008331,0.009134,0.01,0.010955,0.012086,0.013386,0.014775,0.016237,0.017843,0.019806,0.022126,0.024632,0.027306,0.030298,0.033785,0.037988,0.043049,0.049097,0.056108,0.064007,0.072733,0.082267,0.092631,0.103885,0.116096,0.129332,0.14365,0.159098,0.175709,0.192494,0.209172,0.225438,0.240966,0.255424,0.27075,0.286995,0.304215,0.322467,0.341815,0.362324,0.384064,0.407108,0.431534,0.457426,0.484872,0.513964,0.544802,0.57749,0.612139,0.648868,0.682225,0.716336,0.752153,0.789761
2043,0.003327,0.000228,0.000139,0.000108,0.000095,0.000084,0.000076,0.00007,0.000065,0.000062,0.000062,0.000067,0.000078,0.000097,0.000121,0.000149,0.000179,0.000213,0.000251,0.000292,0.000336,0.000381,0.000421,0.000455,0.000485,0.000513,0.000544,0.00058,0.000624,0.000673,0.000726,0.000776,0.000821,0.000859,0.000891,0.000926,0.000965,0.001004,0.001041,0.001081,0.001128,0.001186,0.001254,0.001334,0.00143,0.001535,0.001659,0.001812,0.002003,0.002224,0.00246,0.002707,0.002975,0.003267,0.003576,0.003922,0.004276,0.004578,0.004807,0.004996,0.005202,0.005477,0.005834,0.006298,0.006863,0.007524,0.008259,0.009059,0.009919,0.010864,0.011985,0.013274,0.01465,0.0161,0.017693,0.019643,0.021948,0.024432,0.027075,0.03003,0.033473,0.037635,0.042668,0.048709,0.055726,0.063629,0.07235,0.08186,0.092181,0.103376,0.115515,0.128668,0.142901,0.158262,0.17479,0.191491,0.208086,0.22427,0.239719,0.254102,0.269349,0.28551,0.30264,0.320799,0.340046,0.360449,0.382076,0.405001,0.429301,0.455059,0.482362,0.511304,0.541982,0.574501,0.608971,0.64551,0.678532,0.712458,0.748081,0.785485
2044,0.003272,0.000224,0.000138,0.000107,0.000094,0.000083,0.000075,0.000069,0.000064,0.000061,0.000061,0.000066,0.000077,0.000095,0.00012,0.000148,0.000178,0.000212,0.00025,0.00029,0.000334,0.000378,0.000418,0.000452,0.000481,0.000509,0.00054,0.000575,0.000619,0.000668,0.000719,0.000769,0.000814,0.000851,0.000883,0.000918,0.000956,0.000995,0.001032,0.001071,0.001117,0.001174,0.001241,0.001321,0.001415,0.00152,0.001641,0.001794,0.001982,0.0022,0.002433,0.002677,0.002943,0.003231,0.003536,0.003879,0.004228,0.004527,0.004751,0.004936,0.005138,0.005408,0.005762,0.006225,0.006792,0.007453,0.008187,0.008984,0.009838,0.010775,0.011885,0.013163,0.014526,0.015965,0.017545,0.019482,0.021773,0.024235,0.026847,0.029766,0.033165,0.037286,0.042292,0.048326,0.055347,0.063255,0.071969,0.081456,0.091734,0.10287,0.114936,0.128009,0.142156,0.157431,0.173877,0.190495,0.207006,0.223108,0.238479,0.252788,0.267955,0.284032,0.301074,0.319139,0.338287,0.358584,0.380099,0.402905,0.42708,0.452704,0.479867,0.508659,0.539178,0.571529,0.60582,0.64217,0.674914,0.70866,0.744093,0.781298
2045,0.003218,0.000221,0.000136,0.000105,0.000092,0.000082,0.000074,0.000068,0.000063,0.00006,0.00006,0.000065,0.000076,0.000094,0.000119,0.000147,0.000176,0.00021,0.000248,0.000288,0.000331,0.000375,0.000415,0.000448,0.000477,0.000505,0.000535,0.000571,0.000614,0.000662,0.000713,0.000763,0.000807,0.000844,0.000875,0.000909,0.000948,0.000985,0.001022,0.00106,0.001106,0.001162,0.001229,0.001307,0.001401,0.001504,0.001625,0.001775,0.001961,0.002177,0.002407,0.002648,0.002911,0.003196,0.003497,0.003835,0.004181,0.004476,0.004696,0.004877,0.005074,0.005341,0.005692,0.006154,0.006721,0.007383,0.008117,0.008911,0.009759,0.010687,0.011787,0.013053,0.014405,0.015831,0.017399,0.019324,0.0216,0.024041,0.026623,0.029506,0.032863,0.036942,0.041922,0.047948,0.054973,0.062884,0.071591,0.081054,0.091291,0.102368,0.114362,0.127355,0.141417,0.156608,0.172972,0.189507,0.205936,0.221957,0.237249,0.251484,0.266573,0.282568,0.299522,0.317493,0.336542,0.356735,0.378139,0.400827,0.424877,0.45037,0.477392,0.506035,0.536398,0.568581,0.602696,0.638858,0.671271,0.704835,0.740076,0.77708
2046,0.003165,0.000218,0.000134,0.000104,0.000091,0.00008,0.000073,0.000067,0.000062,0.000059,0.000059,0.000064,0.000074,0.000093,0.000118,0.000145,0.000175,0.000209,0.000246,0.000286,0.000329,0.000372,0.000412,0.000445,0.000474,0.000501,0.000531,0.000566,0.000609,0.000657,0.000707,0.000756,0.0008,0.000836,0.000867,0.000901,0.000939,0.000976,0.001012,0.00105,0.001095,0.001151,0.001216,0.001294,0.001386,0.001489,0.001608,0.001756,0.00194,0.002154,0.002382,0.00262,0.00288,0.003161,0.003458,0.003793,0.004135,0.004426,0.004642,0.00482,0.005012,0.005274,0.005622,0.006084,0.006652,0.007314,0.008047,0.008838,0.009681,0.010601,0.01169,0.012945,0.014285,0.0157,0.017255,0.019168,0.02143,0.02385,0.026402,0.02925,0.032565,0.036605,0.041558,0.047576,0.054604,0.062518,0.071217,0.080656,0.09085,0.101869,0.113793,0.126706,0.140685,0.155791,0.172074,0.188527,0.204874,0.220815,0.23603,0.250192,0.265203,0.281115,0.297982,0.315861,0.334813,0.354901,0.376196,0.398767,0.422693,0.448055,0.474938,0.503434,0.533641,0.565659,0.599598,0.635574,0.667658,0.701041,0.736093,0.772898
2047,0.003112,0.000215,0.000132,0.000102,0.00009,0.000079,0.000072,0.000066,0.000061,0.000058,0.000058,0.000063,0.000073,0.000092,0.000116,0.000144,0.000174,0.000207,0.000244,0.000283,0.000326,0.000369,0.000408,0.000441,0.00047,0.000497,0.000527,0.000562,0.000604,0.000651,0.000701,0.00075,0.000793,0.000829,0.00086,0.000893,0.00093,0.000967,0.001003,0.00104,0.001085,0.001139,0.001204,0.001281,0.001372,0.001473,0.001591,0.001738,0.00192,0.002131,0.002356,0.002592,0.002848,0.003126,0.00342,0.003751,0.004089,0.004376,0.004589,0.004763,0.004951,0.005208,0.005554,0.006015,0.006583,0.007246,0.007978,0.008767,0.009603,0.010515,0.011594,0.012838,0.014167,0.015571,0.017113,0.019014,0.021262,0.023661,0.026185,0.028998,0.032272,0.036272,0.041199,0.047209,0.05424,0.062155,0.070846,0.080261,0.090413,0.101374,0.113229,0.126063,0.139959,0.154982,0.171185,0.187556,0.203822,0.219683,0.234821,0.24891,0.263844,0.279675,0.296456,0.314243,0.333098,0.353083,0.374268,0.396725,0.420528,0.44576,0.472505,0.500856,0.530907,0.562761,0.596527,0.632319,0.664077,0.69728,0.732144,0.768752
2048,0.003061,0.000212,0.00013,0.000101,0.000088,0.000078,0.000071,0.000065,0.00006,0.000058,0.000057,0.000062,0.000072,0.00009,0.000115,0.000143,0.000172,0.000205,0.000242,0.000281,0.000324,0.000366,0.000405,0.000438,0.000466,0.000493,0.000522,0.000557,0.000599,0.000646,0.000696,0.000744,0.000786,0.000822,0.000852,0.000885,0.000922,0.000958,0.000993,0.00103,0.001074,0.001128,0.001192,0.001268,0.001358,0.001458,0.001575,0.00172,0.0019,0.002109,0.002332,0.002564,0.002818,0.003092,0.003382,0.00371,0.004044,0.004328,0.004537,0.004706,0.00489,0.005144,0.005487,0.005947,0.006516,0.007179,0.007911,0.008696,0.009527,0.010431,0.0115,0.012733,0.014051,0.015443,0.016973,0.018863,0.021096,0.023475,0.02597,0.02875,0.031983,0.035945,0.040846,0.046847,0.05388,0.061797,0.070478,0.079869,0.089979,0.100884,0.112669,0.125426,0.13924,0.15418,0.170303,0.186593,0.202778,0.21856,0.233622,0.247639,0.262497,0.278247,0.294942,0.312639,0.331397,0.351281,0.372358,0.394699,0.418381,0.443484,0.470093,0.498298,0.528196,0.559888,0.593481,0.629071,0.660525,0.693551,0.728229,0.76464
2049,0.00301,0.000209,0.000128,0.000099,0.000087,0.000077,0.00007,0.000064,0.000059,0.000057,0.000056,0.000061,0.000071,0.000089,0.000114,0.000141,0.000171,0.000204,0.00024,0.000279,0.000321,0.000364,0.000402,0.000434,0.000463,0.000489,0.000518,0.000552,0.000594,0.00064,0.00069,0.000737,0.00078,0.000815,0.000844,0.000877,0.000913,0.000949,0.000984,0.00102,0.001064,0.001117,0.00118,0.001256,0.001345,0.001443,0.001559,0.001702,0.00188,0.002087,0.002307,0.002537,0.002788,0.003059,0.003345,0.003669,0.004,0.00428,0.004485,0.004651,0.004831,0.00508,0.00542,0.00588,0.006449,0.007113,0.007844,0.008627,0.009452,0.010348,0.011407,0.01263,0.013936,0.015317,0.016835,0.018713,0.020932,0.023292,0.025759,0.028506,0.031699,0.035623,0.040498,0.04649,0.053524,0.061442,0.070114,0.07948,0.089549,0.100396,0.112113,0.124793,0.138527,0.153385,0.169428,0.185638,0.201744,0.217447,0.232433,0.246379,0.261162,0.276831,0.293441,0.311048,0.329711,0.349493,0.370463,0.392691,0.416252,0.441227,0.467701,0.495763,0.525509,0.557039,0.590462,0.625718,0.657003,0.689854,0.724346,0.760564
2050,0.002961,0.000206,0.000126,0.000098,0.000086,0.000076,0.000069,0.000063,0.000059,0.000056,0.000056,0.00006,0.00007,0.000088,0.000113,0.00014,0.000169,0.000202,0.000238,0.000277,0.000319,0.000361,0.000399,0.000431,0.000459,0.000485,0.000514,0.000548,0.000589,0.000635,0.000684,0.000731,0.000773,0.000807,0.000837,0.000869,0.000905,0.00094,0.000974,0.00101,0.001053,0.001106,0.001169,0.001243,0.001331,0.001429,0.001543,0.001685,0.001861,0.002065,0.002283,0.00251,0.002758,0.003026,0.003309,0.003629,0.003956,0.004233,0.004434,0.004597,0.004772,0.005017,0.005355,0.005814,0.006383,0.007048,0.007778,0.008558,0.009378,0.010266,0.011315,0.012528,0.013823,0.015193,0.016699,0.018565,0.020771,0.02311,0.02555,0.028265,0.03142,0.035307,0.040155,0.046138,0.053173,0.06109,0.069753,0.079094,0.089121,0.099913,0.111562,0.124166,0.137819,0.152597,0.168561,0.184692,0.200718,0.216343,0.231254,0.24513,0.259837,0.275428,0.291953,0.30947,0.328039,0.347721,0.368584,0.390699,0.414141,0.43899,0.465329,0.493249,0.522844,0.554215,0.587467,0.622392,0.653512,0.686187,0.720496,0.756521
2051,0.002912,0.000203,0.000124,0.000096,0.000085,0.000075,0.000068,0.000062,0.000058,0.000055,0.000055,0.000059,0.000069,0.000087,0.000111,0.000139,0.000168,0.0002,0.000236,0.000275,0.000316,0.000358,0.000396,0.000428,0.000455,0.000481,0.00051,0.000544,0.000584,0.00063,0.000678,0.000725,0.000766,0.0008,0.00083,0.000861,0.000897,0.000931,0.000965,0.001001,0.001043,0.001095,0.001157,0.00123,0.001317,0.001414,0.001527,0.001667,0.001841,0.002043,0.002259,0.002484,0.002729,0.002993,0.003273,0.00359,0.003913,0.004186,0.004384,0.004543,0.004714,0.004956,0.005291,0.005749,0.006319,0.006984,0.007713,0.008491,0.009305,0.010185,0.011225,0.012427,0.013712,0.01507,0.016565,0.01842,0.020612,0.022932,0.025345,0.028028,0.031145,0.034995,0.039818,0.045792,0.052826,0.060743,0.069395,0.078711,0.088697,0.099433,0.111015,0.123545,0.137118,0.151815,0.167702,0.183753,0.199701,0.215249,0.230086,0.243891,0.258524,0.274036,0.290478,0.307906,0.326381,0.345964,0.366722,0.388725,0.412048,0.436771,0.462977,0.490756,0.520201,0.551414,0.584498,0.619094,0.650049,0.682552,0.716679,0.752513
2052,0.002864,0.0002,0.000123,0.000095,0.000084,0.000074,0.000067,0.000061,0.000057,0.000054,0.000054,0.000058,0.000068,0.000086,0.00011,0.000137,0.000166,0.000199,0.000235,0.000273,0.000314,0.000355,0.000393,0.000424,0.000452,0.000478,0.000506,0.000539,0.000579,0.000625,0.000673,0.000719,0.00076,0.000793,0.000822,0.000853,0.000888,0.000923,0.000956,0.000991,0.001033,0.001084,0.001145,0.001218,0.001304,0.0014,0.001511,0.00165,0.001822,0.002022,0.002235,0.002458,0.0027,0.002961,0.003237,0.003551,0.003871,0.00414,0.004334,0.00449,0.004657,0.004895,0.005227,0.005685,0.006255,0.006921,0.007649,0.008424,0.009233,0.010105,0.011136,0.012327,0.013602,0.014949,0.016433,0.018276,0.020455,0.022756,0.025143,0.027794,0.030874,0.034688,0.039486,0.04545,0.052484,0.060398,0.06904,0.078331,0.088276,0.098957,0.110473,0.122928,0.136423,0.151041,0.16685,0.182823,0.198692,0.214164,0.228927,0.242662,0.257222,0.272655,0.289015,0.306356,0.324737,0.344221,0.364874,0.386767,0.409973,0.434571,0.460646,0.488284,0.517581,0.548636,0.581554,0.615825,0.646616,0.678947,0.712894,0.748539
2053,0.002817,0.000197,0.000121,0.000094,0.000082,0.000073,0.000066,0.00006,0.000056,0.000053,0.000053,0.000057,0.000067,0.000085,0.000109,0.000136,0.000165,0.000197,0.000233,0.000271,0.000311,0.000353,0.00039,0.000421,0.000448,0.000474,0.000502,0.000535,0.000575,0.000619,0.000667,0.000713,0.000753,0.000787,0.000815,0.000846,0.00088,0.000914,0.000947,0.000982,0.001023,0.001074,0.001134,0.001206,0.001291,0.001386,0.001496,0.001633,0.001803,0.002001,0.002212,0.002432,0.002671,0.00293,0.003202,0.003512,0.003829,0.004095,0.004286,0.004438,0.004601,0.004835,0.005165,0.005622,0.006192,0.006858,0.007586,0.008358,0.009161,0.010026,0.011048,0.012229,0.013493,0.01483,0.016302,0.018135,0.0203,0.022582,0.024943,0.027564,0.030607,0.034385,0.039159,0.045113,0.052145,0.060058,0.068688,0.077953,0.087858,0.098485,0.109935,0.122317,0.135734,0.150273,0.166005,0.1819,0.197692,0.213088,0.227778,0.241444,0.255931,0.271287,0.287564,0.304818,0.323107,0.342493,0.363043,0.384825,0.407915,0.43239,0.458333,0.485833,0.514983,0.545882,0.578635,0.612582,0.643212,0.675372,0.709141,0.744598
2054,0.00277,0.000195,0.000119,0.000092,0.000081,0.000072,0.000065,0.00006,0.000055,0.000052,0.000052,0.000056,0.000066,0.000084,0.000108,0.000135,0.000164,0.000196,0.000231,0.000269,0.000309,0.00035,0.000387,0.000418,0.000445,0.00047,0.000498,0.00053,0.00057,0.000614,0.000661,0.000707,0.000747,0.00078,0.000808,0.000838,0.000872,0.000906,0.000938,0.000972,0.001013,0.001063,0.001123,0.001194,0.001278,0.001372,0.00148,0.001616,0.001785,0.00198,0.002189,0.002407,0.002643,0.002899,0.003168,0.003474,0.003788,0.00405,0.004238,0.004386,0.004546,0.004776,0.005103,0.005559,0.00613,0.006797,0.007524,0.008293,0.009091,0.009948,0.010961,0.012133,0.013386,0.014713,0.016174,0.017995,0.020147,0.022411,0.024746,0.027337,0.030344,0.034088,0.038836,0.04478,0.051811,0.059721,0.068339,0.077579,0.087444,0.098016,0.109401,0.12171,0.135051,0.149511,0.165167,0.180986,0.196701,0.212021,0.226638,0.240236,0.254651,0.26993,0.286125,0.303293,0.32149,0.34078,0.361227,0.3829,0.405874,0.430227,0.45604,0.483403,0.512407,0.543151,0.57574,0.609367,0.639836,0.671828,0.705419,0.74069
2055,0.002725,0.000192,0.000118,0.000091,0.00008,0.000071,0.000064,0.000059,0.000055,0.000052,0.000051,0.000055,0.000065,0.000083,0.000107,0.000134,0.000162,0.000194,0.000229,0.000266,0.000307,0.000347,0.000384,0.000415,0.000441,0.000466,0.000494,0.000526,0.000565,0.000609,0.000656,0.000701,0.00074,0.000773,0.000801,0.000831,0.000864,0.000897,0.000929,0.000963,0.001003,0.001053,0.001112,0.001182,0.001265,0.001358,0.001465,0.0016,0.001766,0.00196,0.002166,0.002382,0.002616,0.002868,0.003134,0.003437,0.003747,0.004006,0.00419,0.004336,0.004491,0.004718,0.005043,0.005498,0.006069,0.006736,0.007462,0.008229,0.009022,0.009872,0.010875,0.012037,0.013281,0.014597,0.016047,0.017857,0.019996,0.022241,0.024552,0.027113,0.030085,0.033795,0.038519,0.044452,0.051481,0.059387,0.067994,0.077208,0.087032,0.097551,0.108871,0.121109,0.134373,0.148757,0.164337,0.180079,0.195717,0.210963,0.225508,0.239039,0.253381,0.268584,0.284699,0.301781,0.319888,0.339081,0.359426,0.380991,0.403851,0.428082,0.453767,0.480993,0.509852,0.540443,0.57287,0.60618,0.636489,0.668313,0.701729,0.736815
2056,0.00268,0.000189,0.000116,0.00009,0.000079,0.00007,0.000063,0.000058,0.000054,0.000051,0.00005,0.000054,0.000064,0.000082,0.000106,0.000132,0.000161,0.000193,0.000228,0.000264,0.000304,0.000345,0.000381,0.000411,0.000438,0.000463,0.00049,0.000522,0.000561,0.000604,0.00065,0.000695,0.000734,0.000766,0.000794,0.000823,0.000857,0.000889,0.000921,0.000954,0.000994,0.001042,0.001101,0.00117,0.001252,0.001344,0.00145,0.001583,0.001748,0.00194,0.002144,0.002357,0.002588,0.002838,0.0031,0.0034,0.003707,0.003963,0.004144,0.004286,0.004438,0.00466,0.004983,0.005438,0.006009,0.006676,0.007401,0.008165,0.008953,0.009796,0.010791,0.011943,0.013176,0.014483,0.015922,0.017721,0.019847,0.022075,0.024361,0.026893,0.02983,0.033506,0.038206,0.044129,0.051155,0.059057,0.067651,0.07684,0.086623,0.097089,0.108346,0.120513,0.133702,0.148008,0.163514,0.17918,0.194742,0.209914,0.224388,0.237851,0.252122,0.267249,0.283284,0.300281,0.318298,0.337396,0.35764,0.379098,0.401844,0.425955,0.451512,0.478603,0.507319,0.537758,0.570024,0.603018,0.633169,0.664828,0.698069,0.732973
2057,0.002636,0.000187,0.000114,0.000089,0.000078,0.000069,0.000062,0.000057,0.000053,0.00005,0.000049,0.000053,0.000063,0.000081,0.000104,0.000131,0.00016,0.000191,0.000226,0.000262,0.000302,0.000342,0.000378,0.000408,0.000434,0.000459,0.000486,0.000518,0.000556,0.000599,0.000645,0.000689,0.000728,0.00076,0.000787,0.000816,0.000849,0.000881,0.000912,0.000945,0.000984,0.001032,0.00109,0.001159,0.00124,0.00133,0.001435,0.001567,0.00173,0.00192,0.002122,0.002333,0.002561,0.002808,0.003067,0.003364,0.003668,0.00392,0.004098,0.004237,0.004385,0.004604,0.004924,0.005378,0.00595,0.006617,0.007342,0.008103,0.008886,0.009721,0.010707,0.01185,0.013074,0.01437,0.015798,0.017587,0.019701,0.02191,0.024172,0.026676,0.029579,0.033222,0.037898,0.04381,0.050832,0.05873,0.067311,0.076474,0.086218,0.096631,0.107825,0.119921,0.133036,0.147266,0.162697,0.178288,0.193776,0.208873,0.223277,0.236673,0.250874,0.265926,0.281882,0.298795,0.316722,0.335726,0.355869,0.377221,0.399854,0.423846,0.449276,0.476233,0.504807,0.535095,0.567201,0.599884,0.629878,0.661372,0.69444,0.729162
2058,0.002592,0.000184,0.000113,0.000087,0.000077,0.000068,0.000061,0.000056,0.000052,0.000049,0.000049,0.000052,0.000062,0.00008,0.000103,0.00013,0.000158,0.00019,0.000224,0.00026,0.0003,0.000339,0.000375,0.000405,0.000431,0.000455,0.000482,0.000514,0.000552,0.000594,0.00064,0.000683,0.000722,0.000753,0.00078,0.000809,0.000841,0.000873,0.000904,0.000936,0.000975,0.001022,0.001079,0.001147,0.001227,0.001317,0.001421,0.001551,0.001712,0.0019,0.0021,0.002309,0.002535,0.002779,0.003035,0.003328,0.003629,0.003878,0.004052,0.004188,0.004333,0.004548,0.004866,0.005319,0.005891,0.006559,0.007283,0.008041,0.008819,0.009648,0.010625,0.011759,0.012972,0.014259,0.015676,0.017454,0.019556,0.021748,0.023986,0.026462,0.029332,0.032942,0.037595,0.043496,0.050514,0.058407,0.066974,0.076111,0.085815,0.096176,0.107308,0.119335,0.132375,0.146531,0.161888,0.177404,0.192817,0.207842,0.222175,0.235505,0.249636,0.264614,0.280491,0.29732,0.315159,0.334069,0.354113,0.37536,0.397881,0.421754,0.44706,0.473883,0.502316,0.532455,0.564402,0.596775,0.626614,0.657945,0.690842,0.725384
2059,0.00255,0.000181,0.000111,0.000086,0.000076,0.000067,0.000061,0.000056,0.000051,0.000048,0.000048,0.000051,0.000061,0.000079,0.000102,0.000129,0.000157,0.000188,0.000222,0.000258,0.000297,0.000337,0.000372,0.000402,0.000428,0.000452,0.000478,0.000509,0.000547,0.000589,0.000634,0.000677,0.000715,0.000747,0.000773,0.000801,0.000833,0.000865,0.000895,0.000927,0.000965,0.001012,0.001069,0.001136,0.001215,0.001303,0.001406,0.001535,0.001695,0.00188,0.002078,0.002285,0.002509,0.00275,0.003003,0.003293,0.003591,0.003837,0.004008,0.00414,0.004282,0.004493,0.004809,0.005261,0.005833,0.006502,0.007224,0.00798,0.008753,0.009575,0.010544,0.011668,0.012872,0.014149,0.015556,0.017324,0.019412,0.021587,0.023803,0.026251,0.029089,0.032667,0.037296,0.043185,0.050199,0.058086,0.06664,0.075751,0.085416,0.095725,0.106795,0.118753,0.131721,0.145802,0.161086,0.176527,0.191867,0.206819,0.221082,0.234347,0.248408,0.263313,0.279111,0.295858,0.313609,0.332426,0.352372,0.373514,0.395925,0.41968,0.444861,0.471553,0.499846,0.529837,0.561627,0.593693,0.623378,0.654546,0.687274,0.721637
2060,0.002508,0.000179,0.00011,0.000085,0.000075,0.000066,0.00006,0.000055,0.000051,0.000048,0.000047,0.00005,0.00006,0.000078,0.000101,0.000128,0.000156,0.000187,0.000221,0.000256,0.000295,0.000334,0.000369,0.000399,0.000424,0.000448,0.000474,0.000505,0.000543,0.000585,0.000629,0.000672,0.000709,0.00074,0.000766,0.000794,0.000826,0.000857,0.000887,0.000918,0.000956,0.001003,0.001058,0.001124,0.001203,0.00129,0.001392,0.001519,0.001677,0.001861,0.002057,0.002262,0.002483,0.002721,0.002971,0.003259,0.003553,0.003796,0.003964,0.004093,0.004231,0.004439,0.004753,0.005204,0.005776,0.006445,0.007167,0.00792,0.008688,0.009503,0.010464,0.011579,0.012773,0.01404,0.015438,0.017195,0.019271,0.021429,0.023622,0.026043,0.028849,0.032396,0.037001,0.042879,0.049888,0.057769,0.066309,0.075394,0.085019,0.095277,0.106286,0.118176,0.131072,0.145079,0.16029,0.175658,0.190924,0.205805,0.219999,0.233199,0.247191,0.262022,0.277744,0.294408,0.312073,0.330797,0.350645,0.371683,0.393984,0.417624,0.442681,0.469242,0.497396,0.52724,0.558875,0.590636,0.620168,0.651176,0.683735,0.717922
2061,0.002467,0.000176,0.000108,0.000084,0.000074,0.000065,0.000059,0.000054,0.00005,0.000047,0.000046,0.00005,0.000059,0.000077,0.0001,0.000127,0.000154,0.000185,0.000219,0.000255,0.000293,0.000332,0.000366,0.000396,0.000421,0.000445,0.000471,0.000501,0.000538,0.00058,0.000624,0.000666,0.000703,0.000734,0.000759,0.000787,0.000818,0.000849,0.000879,0.00091,0.000947,0.000993,0.001048,0.001113,0.001191,0.001277,0.001378,0.001504,0.00166,0.001842,0.002036,0.002239,0.002458,0.002693,0.00294,0.003224,0.003516,0.003755,0.00392,0.004047,0.004181,0.004386,0.004697,0.005148,0.00572,0.006389,0.00711,0.007861,0.008624,0.009432,0.010385,0.011491,0.012676,0.013933,0.015321,0.017067,0.019132,0.021273,0.023443,0.025838,0.028613,0.032128,0.036711,0.042577,0.049581,0.057455,0.065981,0.07504,0.084625,0.094832,0.105781,0.117604,0.130428,0.144362,0.159501,0.174796,0.18999,0.204799,0.218924,0.23206,0.245984,0.260743,0.276387,0.29297,0.310549,0.329181,0.348932,0.369868,0.39206,0.415584,0.440519,0.46695,0.494967,0.524665,0.556145,0.587605,0.616985,0.647835,0.680226,0.714238
2062,0.002426,0.000174,0.000107,0.000083,0.000073,0.000064,0.000058,0.000053,0.000049,0.000046,0.000046,0.000049,0.000058,0.000076,0.000099,0.000125,0.000153,0.000184,0.000217,0.000253,0.000291,0.000329,0.000364,0.000393,0.000418,0.000441,0.000467,0.000497,0.000534,0.000575,0.000619,0.00066,0.000697,0.000727,0.000753,0.00078,0.000811,0.000841,0.00087,0.000901,0.000938,0.000983,0.001037,0.001102,0.001179,0.001264,0.001364,0.001488,0.001643,0.001823,0.002016,0.002216,0.002433,0.002665,0.002909,0.003191,0.003479,0.003715,0.003877,0.004001,0.004132,0.004334,0.004643,0.005093,0.005665,0.006334,0.007054,0.007802,0.008561,0.009362,0.010307,0.011404,0.01258,0.013828,0.015205,0.016942,0.018994,0.021119,0.023267,0.025636,0.02838,0.031865,0.036424,0.042279,0.049277,0.057145,0.065655,0.074688,0.084235,0.094391,0.10528,0.117036,0.12979,0.143652,0.158719,0.173942,0.189063,0.203801,0.217859,0.230931,0.244786,0.259474,0.275042,0.291544,0.309037,0.327579,0.347234,0.368068,0.390152,0.413561,0.438375,0.464678,0.492558,0.522112,0.553438,0.584599,0.613829,0.644521,0.676747,0.710584
2063,0.002386,0.000171,0.000105,0.000081,0.000072,0.000063,0.000057,0.000053,0.000049,0.000046,0.000045,0.000048,0.000058,0.000075,0.000098,0.000124,0.000152,0.000182,0.000216,0.000251,0.000288,0.000326,0.000361,0.00039,0.000414,0.000438,0.000463,0.000493,0.00053,0.00057,0.000614,0.000655,0.000691,0.000721,0.000746,0.000773,0.000804,0.000834,0.000862,0.000893,0.000929,0.000974,0.001027,0.001091,0.001167,0.001252,0.00135,0.001473,0.001626,0.001805,0.001995,0.002194,0.002408,0.002638,0.002879,0.003157,0.003443,0.003676,0.003835,0.003956,0.004084,0.004282,0.004589,0.005038,0.00561,0.006279,0.006999,0.007745,0.008498,0.009293,0.010229,0.011318,0.012485,0.013724,0.015091,0.016818,0.018858,0.020967,0.023093,0.025437,0.02815,0.031606,0.036142,0.041985,0.048977,0.056837,0.065333,0.074339,0.083847,0.093953,0.104783,0.116473,0.129157,0.142947,0.157943,0.173094,0.188144,0.202812,0.216802,0.229811,0.243599,0.258215,0.273708,0.29013,0.307538,0.325991,0.34555,0.366283,0.38826,0.411556,0.436249,0.462424,0.490169,0.51958,0.550754,0.581619,0.610699,0.641234,0.673296,0.706961
2064,0.002347,0.000169,0.000104,0.00008,0.000071,0.000063,0.000057,0.000052,0.000048,0.000045,0.000044,0.000047,0.000057,0.000074,0.000097,0.000123,0.000151,0.000181,0.000214,0.000249,0.000286,0.000324,0.000358,0.000387,0.000411,0.000434,0.00046,0.000489,0.000525,0.000566,0.000608,0.000649,0.000686,0.000715,0.00074,0.000766,0.000797,0.000826,0.000854,0.000884,0.00092,0.000964,0.001017,0.001081,0.001156,0.001239,0.001336,0.001458,0.00161,0.001787,0.001975,0.002172,0.002383,0.002611,0.002849,0.003124,0.003407,0.003637,0.003794,0.003912,0.004036,0.004231,0.004536,0.004984,0.005557,0.006226,0.006944,0.007687,0.008437,0.009225,0.010153,0.011233,0.012391,0.013621,0.014979,0.016695,0.018724,0.020817,0.022922,0.025241,0.027924,0.03135,0.035864,0.041695,0.04868,0.056532,0.065013,0.073993,0.083462,0.093519,0.10429,0.115915,0.128529,0.142248,0.157174,0.172254,0.187232,0.201831,0.215755,0.2287,0.242422,0.256967,0.272385,0.288728,0.306052,0.324415,0.34388,0.364513,0.386383,0.409567,0.43414,0.460189,0.4878,0.517068,0.548092,0.578663,0.607596,0.637975,0.669874,0.703368
2065,0.002308,0.000167,0.000102,0.000079,0.00007,0.000062,0.000056,0.000051,0.000047,0.000044,0.000043,0.000046,0.000056,0.000073,0.000096,0.000122,0.000149,0.00018,0.000212,0.000247,0.000284,0.000321,0.000355,0.000384,0.000408,0.000431,0.000456,0.000485,0.000521,0.000561,0.000603,0.000644,0.00068,0.000709,0.000733,0.00076,0.000789,0.000818,0.000846,0.000876,0.000911,0.000955,0.001007,0.00107,0.001144,0.001227,0.001323,0.001443,0.001594,0.001769,0.001955,0.00215,0.002359,0.002584,0.00282,0.003092,0.003372,0.003599,0.003753,0.003868,0.003989,0.004181,0.004483,0.004931,0.005504,0.006173,0.00689,0.007631,0.008376,0.009158,0.010078,0.01115,0.012299,0.01352,0.014868,0.016575,0.018591,0.020668,0.022753,0.025048,0.027702,0.031098,0.03559,0.041408,0.048387,0.056231,0.064695,0.073649,0.08308,0.093088,0.103801,0.115361,0.127907,0.141556,0.156412,0.17142,0.186329,0.200858,0.214715,0.227598,0.241254,0.255729,0.271073,0.287338,0.304578,0.322853,0.342224,0.362757,0.384523,0.407594,0.43205,0.457972,0.485451,0.514578,0.545453,0.575731,0.604518,0.634744,0.666481,0.699805
2066,0.00227,0.000164,0.000101,0.000078,0.000069,0.000061,0.000055,0.00005,0.000046,0.000043,0.000043,0.000046,0.000055,0.000072,0.000095,0.000121,0.000148,0.000178,0.000211,0.000245,0.000282,0.000319,0.000353,0.000381,0.000405,0.000428,0.000452,0.000481,0.000517,0.000557,0.000598,0.000639,0.000674,0.000703,0.000727,0.000753,0.000782,0.000811,0.000839,0.000868,0.000903,0.000946,0.000998,0.001059,0.001133,0.001214,0.001309,0.001429,0.001577,0.001751,0.001936,0.002128,0.002336,0.002558,0.002791,0.00306,0.003337,0.003562,0.003712,0.003825,0.003942,0.004131,0.004432,0.004879,0.005451,0.00612,0.006837,0.007575,0.008315,0.009091,0.010004,0.011067,0.012208,0.01342,0.014758,0.016455,0.018461,0.020522,0.022586,0.024857,0.027482,0.03085,0.03532,0.041126,0.048097,0.055932,0.064381,0.073308,0.082701,0.09266,0.103316,0.114812,0.12729,0.140869,0.155655,0.170594,0.185432,0.199894,0.213685,0.226506,0.240096,0.254502,0.269772,0.285958,0.303116,0.321303,0.340581,0.361016,0.382677,0.405638,0.429976,0.455774,0.483121,0.512108,0.542835,0.572824,0.601465,0.631539,0.663115,0.696271
2067,0.002233,0.000162,0.000099,0.000077,0.000068,0.00006,0.000054,0.00005,0.000046,0.000043,0.000042,0.000045,0.000054,0.000071,0.000094,0.00012,0.000147,0.000177,0.000209,0.000243,0.00028,0.000317,0.00035,0.000378,0.000402,0.000424,0.000449,0.000478,0.000513,0.000552,0.000594,0.000633,0.000668,0.000697,0.000721,0.000746,0.000775,0.000804,0.000831,0.00086,0.000894,0.000937,0.000988,0.001049,0.001122,0.001202,0.001296,0.001414,0.001561,0.001733,0.001916,0.002107,0.002312,0.002532,0.002762,0.003029,0.003302,0.003525,0.003672,0.003782,0.003897,0.004083,0.004381,0.004827,0.0054,0.006069,0.006784,0.00752,0.008256,0.009025,0.009931,0.010986,0.012117,0.013321,0.01465,0.016337,0.018331,0.020378,0.022422,0.024669,0.027266,0.030606,0.035054,0.040847,0.04781,0.055636,0.064069,0.072969,0.082324,0.092235,0.102834,0.114268,0.126678,0.140188,0.154905,0.169775,0.184543,0.198937,0.212663,0.225423,0.238948,0.253285,0.268482,0.284591,0.301666,0.319766,0.338952,0.359289,0.380847,0.403697,0.427919,0.453594,0.48081,0.509659,0.540238,0.569941,0.598438,0.62836,0.659778,0.692767
2068,0.002197,0.00016,0.000098,0.000076,0.000067,0.000059,0.000054,0.000049,0.000045,0.000042,0.000041,0.000044,0.000053,0.00007,0.000093,0.000119,0.000146,0.000176,0.000208,0.000241,0.000278,0.000314,0.000347,0.000375,0.000399,0.000421,0.000445,0.000474,0.000509,0.000547,0.000589,0.000628,0.000663,0.000691,0.000714,0.00074,0.000768,0.000796,0.000823,0.000852,0.000886,0.000928,0.000978,0.001039,0.00111,0.00119,0.001283,0.0014,0.001546,0.001716,0.001897,0.002086,0.002289,0.002506,0.002734,0.002998,0.003269,0.003488,0.003633,0.00374,0.003852,0.004035,0.004331,0.004776,0.005349,0.006018,0.006732,0.007466,0.008197,0.008961,0.009858,0.010905,0.012028,0.013223,0.014543,0.016221,0.018204,0.020235,0.022259,0.024483,0.027053,0.030365,0.034791,0.040571,0.047527,0.055343,0.06376,0.072633,0.081951,0.091814,0.102357,0.113727,0.126071,0.139513,0.154162,0.168962,0.183662,0.197988,0.211649,0.224348,0.237809,0.252078,0.267202,0.283234,0.300228,0.318242,0.337337,0.357577,0.379031,0.401773,0.42588,0.451432,0.478518,0.50723,0.537663,0.567082,0.595436,0.625208,0.656468,0.689292
2069,0.002161,0.000158,0.000097,0.000075,0.000066,0.000058,0.000053,0.000048,0.000045,0.000042,0.000041,0.000043,0.000053,0.000069,0.000092,0.000118,0.000145,0.000174,0.000206,0.000239,0.000275,0.000312,0.000345,0.000372,0.000395,0.000418,0.000442,0.00047,0.000504,0.000543,0.000584,0.000623,0.000657,0.000685,0.000708,0.000733,0.000761,0.000789,0.000816,0.000844,0.000877,0.000919,0.000969,0.001029,0.001099,0.001178,0.00127,0.001386,0.00153,0.001699,0.001878,0.002065,0.002267,0.002481,0.002706,0.002967,0.003235,0.003452,0.003594,0.003699,0.003807,0.003987,0.004281,0.004726,0.005298,0.005968,0.006681,0.007413,0.008139,0.008896,0.009787,0.010826,0.011941,0.013127,0.014438,0.016106,0.018078,0.020094,0.022099,0.0243,0.026843,0.030127,0.034532,0.0403,0.047247,0.055053,0.063453,0.0723,0.08158,0.091396,0.101883,0.113192,0.125469,0.138843,0.153424,0.168156,0.182788,0.197047,0.210644,0.223283,0.236679,0.25088,0.265933,0.281889,0.298802,0.316731,0.335734,0.355878,0.377231,0.399865,0.423857,0.449288,0.476246,0.50482,0.53511,0.564246,0.592459,0.622082,0.653186,0.685845
2070,0.002125,0.000155,0.000095,0.000074,0.000065,0.000058,0.000052,0.000048,0.000044,0.000041,0.00004,0.000043,0.000052,0.000068,0.000091,0.000117,0.000143,0.000173,0.000204,0.000238,0.000273,0.000309,0.000342,0.000369,0.000392,0.000414,0.000438,0.000466,0.0005,0.000539,0.000579,0.000618,0.000652,0.000679,0.000702,0.000727,0.000755,0.000782,0.000808,0.000836,0.000869,0.00091,0.000959,0.001018,0.001089,0.001166,0.001257,0.001372,0.001515,0.001682,0.00186,0.002045,0.002244,0.002456,0.002679,0.002937,0.003202,0.003416,0.003556,0.003658,0.003764,0.003941,0.004233,0.004677,0.005249,0.005918,0.006631,0.00736,0.008082,0.008833,0.009717,0.010748,0.011854,0.013032,0.014334,0.015993,0.017953,0.019955,0.021941,0.024119,0.026635,0.029893,0.034277,0.040031,0.04697,0.054766,0.063149,0.071969,0.081212,0.09098,0.101412,0.11266,0.124873,0.138179,0.152693,0.167357,0.181921,0.196114,0.209647,0.222226,0.235559,0.249693,0.264674,0.280555,0.297388,0.315231,0.334145,0.354194,0.375446,0.397972,0.421851,0.447162,0.473992,0.502431,0.532577,0.561434,0.589506,0.618981,0.649931,0.682427
2071,0.00209,0.000153,0.000094,0.000073,0.000064,0.000057,0.000051,0.000047,0.000043,0.00004,0.000039,0.000042,0.000051,0.000068,0.00009,0.000116,0.000142,0.000171,0.000203,0.000236,0.000271,0.000307,0.000339,0.000366,0.000389,0.000411,0.000435,0.000463,0.000496,0.000534,0.000574,0.000612,0.000646,0.000673,0.000696,0.00072,0.000748,0.000775,0.000801,0.000828,0.000861,0.000902,0.00095,0.001008,0.001078,0.001155,0.001244,0.001358,0.001499,0.001665,0.001841,0.002025,0.002222,0.002432,0.002651,0.002907,0.00317,0.003381,0.003518,0.003617,0.00372,0.003895,0.004184,0.004628,0.0052,0.005869,0.006581,0.007307,0.008025,0.008771,0.009647,0.01067,0.011768,0.012938,0.014231,0.015881,0.01783,0.019817,0.021785,0.023941,0.026431,0.029663,0.034025,0.039766,0.046696,0.054481,0.062847,0.071641,0.080846,0.090568,0.100946,0.112133,0.124281,0.13752,0.151968,0.166564,0.181061,0.195188,0.208658,0.221178,0.234448,0.248515,0.263426,0.279232,0.295986,0.313745,0.332569,0.352524,0.373675,0.396095,0.419861,0.445053,0.471756,0.500061,0.530065,0.558646,0.586578,0.615907,0.646702,0.679037
2072,0.002056,0.000151,0.000093,0.000072,0.000063,0.000056,0.000051,0.000046,0.000043,0.00004,0.000039,0.000041,0.00005,0.000067,0.000089,0.000115,0.000141,0.00017,0.000201,0.000234,0.000269,0.000305,0.000337,0.000363,0.000386,0.000408,0.000431,0.000459,0.000492,0.00053,0.000569,0.000607,0.000641,0.000668,0.00069,0.000714,0.000741,0.000768,0.000793,0.00082,0.000853,0.000893,0.000941,0.000999,0.001067,0.001143,0.001232,0.001344,0.001484,0.001648,0.001823,0.002005,0.0022,0.002408,0.002625,0.002878,0.003138,0.003347,0.003481,0.003578,0.003678,0.003849,0.004137,0.00458,0.005152,0.005821,0.006531,0.007256,0.00797,0.008709,0.009578,0.010594,0.011684,0.012845,0.014129,0.01577,0.017709,0.019682,0.021631,0.023766,0.02623,0.029435,0.033777,0.039505,0.046425,0.0542,0.062548,0.071315,0.080484,0.090159,0.100483,0.11161,0.123694,0.136867,0.151249,0.165778,0.180208,0.19427,0.207677,0.220138,0.233346,0.247347,0.262188,0.277919,0.294594,0.31227,0.331006,0.350867,0.371919,0.394234,0.417888,0.442961,0.469539,0.497711,0.527574,0.55588,0.583674,0.612857,0.6435,0.675675
2073,0.002022,0.000149,0.000091,0.000071,0.000062,0.000055,0.00005,0.000046,0.000042,0.000039,0.000038,0.000041,0.00005,0.000066,0.000088,0.000114,0.00014,0.000169,0.0002,0.000232,0.000267,0.000302,0.000334,0.000361,0.000383,0.000405,0.000428,0.000455,0.000488,0.000526,0.000565,0.000602,0.000635,0.000662,0.000684,0.000708,0.000735,0.000761,0.000786,0.000813,0.000845,0.000884,0.000932,0.000989,0.001057,0.001132,0.001219,0.00133,0.001469,0.001632,0.001805,0.001985,0.002179,0.002384,0.002598,0.002849,0.003106,0.003312,0.003444,0.003539,0.003636,0.003804,0.00409,0.004532,0.005104,0.005773,0.006483,0.007205,0.007914,0.008648,0.00951,0.010518,0.0116,0.012753,0.014029,0.015661,0.017589,0.019548,0.021478,0.023592,0.026031,0.029211,0.033532,0.039247,0.046157,0.05392,0.062251,0.070992,0.080124,0.089754,0.100023,0.111091,0.123112,0.13622,0.150536,0.164998,0.179362,0.193359,0.206705,0.219107,0.232254,0.246189,0.26096,0.276618,0.293215,0.310808,0.329456,0.349223,0.370177,0.392387,0.415931,0.440887,0.46734,0.49538,0.525103,0.553137,0.580793,0.609833,0.640325,0.672341
2074,0.001989,0.000147,0.00009,0.00007,0.000061,0.000054,0.000049,0.000045,0.000041,0.000038,0.000037,0.00004,0.000049,0.000065,0.000087,0.000113,0.000139,0.000168,0.000198,0.000231,0.000265,0.0003,0.000332,0.000358,0.00038,0.000402,0.000425,0.000452,0.000484,0.000521,0.00056,0.000597,0.00063,0.000656,0.000678,0.000702,0.000728,0.000754,0.000779,0.000805,0.000837,0.000876,0.000923,0.000979,0.001046,0.00112,0.001207,0.001317,0.001455,0.001616,0.001788,0.001966,0.002157,0.00236,0.002572,0.00282,0.003075,0.003279,0.003408,0.0035,0.003595,0.00376,0.004044,0.004485,0.005057,0.005726,0.006435,0.007154,0.00786,0.008588,0.009443,0.010443,0.011518,0.012663,0.01393,0.015553,0.01747,0.019415,0.021328,0.023421,0.025835,0.02899,0.033291,0.038992,0.045892,0.053644,0.061957,0.070671,0.079766,0.089351,0.099568,0.110576,0.122535,0.135578,0.149829,0.164225,0.178524,0.192456,0.20574,0.218085,0.23117,0.24504,0.259742,0.275327,0.291846,0.309357,0.327919,0.347594,0.368449,0.390556,0.41399,0.438829,0.465159,0.493068,0.522652,0.550416,0.577937,0.606834,0.637175,0.669034
2075,0.001957,0.000145,0.000089,0.000069,0.000061,0.000054,0.000049,0.000045,0.000041,0.000038,0.000037,0.000039,0.000048,0.000064,0.000087,0.000112,0.000138,0.000166,0.000197,0.000229,0.000263,0.000298,0.000329,0.000355,0.000377,0.000398,0.000421,0.000448,0.000481,0.000517,0.000556,0.000592,0.000625,0.000651,0.000672,0.000695,0.000722,0.000747,0.000772,0.000798,0.000829,0.000868,0.000914,0.00097,0.001036,0.001109,0.001195,0.001304,0.00144,0.0016,0.00177,0.001947,0.002136,0.002337,0.002547,0.002792,0.003044,0.003245,0.003372,0.003462,0.003554,0.003717,0.003999,0.004439,0.005011,0.005679,0.006387,0.007104,0.007806,0.008528,0.009377,0.01037,0.011436,0.012574,0.013832,0.015446,0.017353,0.019285,0.02118,0.023253,0.025642,0.028772,0.033053,0.03874,0.04563,0.05337,0.061665,0.070352,0.079412,0.088951,0.099115,0.110066,0.121962,0.134941,0.149127,0.163458,0.177692,0.191561,0.204783,0.21707,0.230095,0.2439,0.258534,0.274046,0.290489,0.307918,0.326393,0.345977,0.366736,0.38874,0.412064,0.436788,0.462995,0.490775,0.520222,0.547718,0.575104,0.603859,0.634052,0.665754
2076,0.001925,0.000143,0.000088,0.000068,0.00006,0.000053,0.000048,0.000044,0.00004,0.000037,0.000036,0.000039,0.000047,0.000064,0.000086,0.000111,0.000137,0.000165,0.000195,0.000227,0.000261,0.000296,0.000326,0.000352,0.000375,0.000395,0.000418,0.000444,0.000477,0.000513,0.000551,0.000588,0.00062,0.000645,0.000667,0.000689,0.000715,0.00074,0.000765,0.00079,0.000821,0.00086,0.000905,0.00096,0.001026,0.001098,0.001183,0.001291,0.001426,0.001584,0.001753,0.001928,0.002116,0.002314,0.002521,0.002764,0.003014,0.003213,0.003337,0.003425,0.003514,0.003674,0.003954,0.004394,0.004965,0.005633,0.00634,0.007055,0.007753,0.008469,0.009311,0.010297,0.011356,0.012485,0.013736,0.015341,0.017237,0.019156,0.021034,0.023086,0.025452,0.028557,0.032818,0.038491,0.045371,0.053099,0.061376,0.070036,0.07906,0.088554,0.098667,0.10956,0.121394,0.13431,0.148431,0.162698,0.176867,0.190672,0.203834,0.216064,0.229028,0.24277,0.257336,0.272776,0.289143,0.306491,0.324881,0.344374,0.365036,0.386938,0.410155,0.434764,0.46085,0.488501,0.517811,0.545041,0.572294,0.600908,0.630954,0.662501
2077,0.001893,0.000141,0.000086,0.000067,0.000059,0.000052,0.000047,0.000043,0.00004,0.000037,0.000035,0.000038,0.000047,0.000063,0.000085,0.00011,0.000135,0.000164,0.000194,0.000225,0.000259,0.000293,0.000324,0.00035,0.000372,0.000392,0.000415,0.000441,0.000473,0.000509,0.000547,0.000583,0.000614,0.00064,0.000661,0.000683,0.000709,0.000734,0.000758,0.000783,0.000814,0.000851,0.000897,0.000951,0.001016,0.001087,0.001171,0.001278,0.001412,0.001568,0.001736,0.00191,0.002095,0.002292,0.002496,0.002737,0.002984,0.00318,0.003302,0.003388,0.003474,0.003632,0.00391,0.004349,0.00492,0.005588,0.006294,0.007006,0.0077,0.008411,0.009247,0.010225,0.011276,0.012398,0.01364,0.015237,0.017123,0.019028,0.020889,0.022922,0.025264,0.028346,0.032586,0.038246,0.045115,0.05283,0.061089,0.069723,0.07871,0.08816,0.098221,0.109057,0.120831,0.133683,0.147742,0.161944,0.176048,0.189791,0.202893,0.215067,0.227971,0.241649,0.256148,0.271517,0.287808,0.305076,0.323381,0.342783,0.36335,0.385152,0.408261,0.432756,0.458722,0.486245,0.51542,0.542387,0.569507,0.597982,0.627881,0.659275
2078,0.001862,0.000139,0.000085,0.000066,0.000058,0.000052,0.000047,0.000043,0.000039,0.000036,0.000035,0.000037,0.000046,0.000062,0.000084,0.000109,0.000134,0.000162,0.000192,0.000224,0.000257,0.000291,0.000322,0.000347,0.000369,0.000389,0.000411,0.000437,0.000469,0.000505,0.000542,0.000578,0.000609,0.000634,0.000655,0.000677,0.000703,0.000727,0.000751,0.000776,0.000806,0.000843,0.000888,0.000942,0.001006,0.001076,0.001159,0.001265,0.001398,0.001553,0.001719,0.001891,0.002075,0.002269,0.002472,0.00271,0.002955,0.003148,0.003268,0.003351,0.003435,0.00359,0.003867,0.004305,0.004875,0.005543,0.006248,0.006958,0.007648,0.008354,0.009183,0.010154,0.011198,0.012312,0.013546,0.015134,0.01701,0.018902,0.020746,0.02276,0.025079,0.028137,0.032357,0.038003,0.044862,0.052564,0.060804,0.069411,0.078363,0.087769,0.097779,0.108559,0.120272,0.133062,0.147057,0.161196,0.175237,0.188917,0.201959,0.214077,0.226922,0.240537,0.254969,0.270267,0.286483,0.303672,0.321893,0.341206,0.361678,0.383379,0.406382,0.430765,0.456611,0.484007,0.513048,0.539755,0.566742,0.595079,0.624833,0.656075
2079,0.001832,0.000137,0.000084,0.000065,0.000057,0.000051,0.000046,0.000042,0.000039,0.000036,0.000034,0.000037,0.000045,0.000061,0.000083,0.000108,0.000133,0.000161,0.000191,0.000222,0.000255,0.000289,0.000319,0.000344,0.000366,0.000386,0.000408,0.000434,0.000465,0.000501,0.000538,0.000573,0.000604,0.000629,0.000649,0.000672,0.000696,0.000721,0.000744,0.000769,0.000798,0.000835,0.00088,0.000933,0.000996,0.001066,0.001148,0.001252,0.001384,0.001538,0.001703,0.001873,0.002055,0.002248,0.002447,0.002683,0.002926,0.003117,0.003234,0.003315,0.003397,0.003549,0.003824,0.004261,0.004831,0.005499,0.006203,0.006911,0.007596,0.008297,0.009119,0.010084,0.01112,0.012227,0.013453,0.015033,0.016898,0.018777,0.020605,0.0226,0.024896,0.027931,0.032131,0.037763,0.044611,0.0523,0.060522,0.069102,0.078019,0.087382,0.097341,0.108065,0.119718,0.132446,0.146379,0.160454,0.174431,0.188051,0.201033,0.213095,0.225881,0.239434,0.2538,0.269028,0.28517,0.30228,0.320417,0.339642,0.36002,0.381621,0.404519,0.42879,0.454517,0.481788,0.510695,0.537143,0.564001,0.592201,0.621811,0.652901
2080,0.001802,0.000135,0.000083,0.000064,0.000056,0.00005,0.000046,0.000042,0.000038,0.000035,0.000034,0.000036,0.000045,0.00006,0.000082,0.000107,0.000132,0.00016,0.00019,0.00022,0.000253,0.000287,0.000317,0.000342,0.000363,0.000383,0.000405,0.000431,0.000462,0.000496,0.000533,0.000568,0.000599,0.000624,0.000644,0.000666,0.00069,0.000714,0.000737,0.000762,0.000791,0.000828,0.000871,0.000924,0.000986,0.001055,0.001136,0.00124,0.00137,0.001523,0.001686,0.001855,0.002035,0.002226,0.002423,0.002656,0.002897,0.003086,0.003201,0.003279,0.003359,0.003509,0.003782,0.004218,0.004788,0.005455,0.006158,0.006864,0.007546,0.008241,0.009057,0.010014,0.011044,0.012143,0.013361,0.014932,0.016788,0.018654,0.020466,0.022442,0.024716,0.027727,0.031909,0.037527,0.044363,0.052039,0.060242,0.068796,0.077677,0.086996,0.096906,0.107574,0.119169,0.131835,0.145706,0.159718,0.173633,0.187191,0.200115,0.212122,0.224849,0.23834,0.25264,0.267799,0.283867,0.300899,0.318952,0.33809,0.358375,0.379878,0.40267,0.42683,0.45244,0.479587,0.508362,0.534554,0.561281,0.589345,0.618813,0.649753
2081,0.001773,0.000134,0.000082,0.000063,0.000056,0.00005,0.000045,0.000041,0.000038,0.000034,0.000033,0.000036,0.000044,0.00006,0.000081,0.000106,0.000131,0.000159,0.000188,0.000219,0.000251,0.000285,0.000314,0.000339,0.00036,0.00038,0.000402,0.000427,0.000458,0.000492,0.000529,0.000564,0.000594,0.000618,0.000638,0.00066,0.000684,0.000708,0.000731,0.000755,0.000784,0.00082,0.000863,0.000915,0.000977,0.001045,0.001125,0.001227,0.001356,0.001508,0.00167,0.001838,0.002016,0.002204,0.0024,0.00263,0.002869,0.003055,0.003168,0.003244,0.003321,0.003469,0.00374,0.004175,0.004745,0.005412,0.006114,0.006817,0.007495,0.008186,0.008995,0.009946,0.010968,0.01206,0.01327,0.014833,0.016679,0.018533,0.020329,0.022286,0.024538,0.027527,0.031689,0.037293,0.044117,0.05178,0.059964,0.068491,0.077337,0.086614,0.096474,0.107088,0.118624,0.131229,0.145038,0.158988,0.172841,0.186338,0.199204,0.211156,0.223825,0.237255,0.25149,0.266579,0.282574,0.299529,0.3175,0.33655,0.356743,0.378148,0.400837,0.424887,0.45038,0.477403,0.506047,0.531985,0.558584,0.586513,0.615839,0.646631
2082,0.001744,0.000132,0.000081,0.000063,0.000055,0.000049,0.000044,0.000041,0.000037,0.000034,0.000033,0.000035,0.000043,0.000059,0.000081,0.000105,0.00013,0.000157,0.000187,0.000217,0.00025,0.000282,0.000312,0.000336,0.000358,0.000377,0.000399,0.000424,0.000454,0.000488,0.000525,0.000559,0.000589,0.000613,0.000633,0.000654,0.000678,0.000701,0.000724,0.000748,0.000776,0.000812,0.000855,0.000906,0.000967,0.001034,0.001114,0.001215,0.001343,0.001493,0.001654,0.00182,0.001997,0.002183,0.002376,0.002605,0.002841,0.003025,0.003136,0.00321,0.003284,0.003429,0.003699,0.004133,0.004703,0.00537,0.00607,0.006772,0.007446,0.008131,0.008934,0.009878,0.010893,0.011978,0.013181,0.014735,0.016571,0.018412,0.020193,0.022132,0.024363,0.027329,0.031472,0.037062,0.043875,0.051524,0.059688,0.068189,0.077,0.086235,0.096046,0.106605,0.118083,0.130629,0.144376,0.158264,0.172055,0.185492,0.1983,0.210198,0.22281,0.236178,0.250349,0.26537,0.281292,0.29817,0.31606,0.335023,0.355125,0.376432,0.399018,0.422959,0.448337,0.475237,0.503751,0.529437,0.555909,0.583704,0.612889,0.643534
2083,0.001715,0.00013,0.00008,0.000062,0.000054,0.000048,0.000044,0.00004,0.000036,0.000033,0.000032,0.000034,0.000043,0.000058,0.00008,0.000104,0.000129,0.000156,0.000185,0.000215,0.000248,0.00028,0.000309,0.000334,0.000355,0.000374,0.000395,0.00042,0.000451,0.000485,0.00052,0.000554,0.000584,0.000608,0.000628,0.000648,0.000672,0.000695,0.000717,0.000741,0.000769,0.000804,0.000847,0.000897,0.000958,0.001024,0.001102,0.001203,0.00133,0.001479,0.001638,0.001803,0.001978,0.002162,0.002353,0.002579,0.002813,0.002995,0.003104,0.003176,0.003248,0.00339,0.003658,0.004092,0.004661,0.005328,0.006027,0.006726,0.007397,0.008077,0.008874,0.009811,0.010819,0.011897,0.013092,0.014638,0.016465,0.018294,0.020059,0.02198,0.024189,0.027134,0.031258,0.036834,0.043634,0.051269,0.059415,0.067889,0.076666,0.085858,0.095621,0.106126,0.117547,0.130033,0.143719,0.157545,0.171276,0.184653,0.197403,0.209248,0.221802,0.23511,0.249217,0.26417,0.28002,0.296822,0.314631,0.333509,0.353519,0.37473,0.397214,0.421047,0.44631,0.473089,0.501474,0.526909,0.553255,0.580918,0.609964,0.640462
2084,0.001687,0.000128,0.000078,0.000061,0.000053,0.000048,0.000043,0.000039,0.000036,0.000033,0.000032,0.000034,0.000042,0.000058,0.000079,0.000103,0.000128,0.000155,0.000184,0.000214,0.000246,0.000278,0.000307,0.000331,0.000352,0.000371,0.000392,0.000417,0.000447,0.000481,0.000516,0.00055,0.000579,0.000603,0.000622,0.000643,0.000666,0.000689,0.000711,0.000734,0.000762,0.000797,0.000839,0.000889,0.000948,0.001014,0.001091,0.001191,0.001317,0.001464,0.001623,0.001786,0.001959,0.002142,0.002331,0.002554,0.002786,0.002966,0.003072,0.003142,0.003212,0.003352,0.003618,0.004051,0.00462,0.005286,0.005984,0.006681,0.007348,0.008023,0.008815,0.009745,0.010746,0.011817,0.013004,0.014542,0.016359,0.018176,0.019926,0.02183,0.024019,0.026941,0.031047,0.036608,0.043397,0.051018,0.059144,0.067592,0.076334,0.085484,0.095199,0.105651,0.117015,0.129441,0.143068,0.156833,0.170503,0.18382,0.196514,0.208305,0.220803,0.234051,0.248094,0.26298,0.278759,0.295484,0.313213,0.332006,0.351927,0.373042,0.395425,0.41915,0.444299,0.470957,0.499215,0.524403,0.550623,0.578154,0.607061,0.637415
2085,0.00166,0.000126,0.000077,0.00006,0.000053,0.000047,0.000043,0.000039,0.000035,0.000032,0.000031,0.000033,0.000041,0.000057,0.000078,0.000102,0.000127,0.000154,0.000182,0.000212,0.000244,0.000276,0.000305,0.000329,0.000349,0.000369,0.000389,0.000414,0.000443,0.000477,0.000512,0.000545,0.000575,0.000598,0.000617,0.000637,0.00066,0.000683,0.000705,0.000727,0.000755,0.00079,0.000831,0.00088,0.000939,0.001004,0.00108,0.001179,0.001304,0.00145,0.001607,0.001769,0.001941,0.002122,0.002308,0.00253,0.002759,0.002937,0.003041,0.003109,0.003176,0.003314,0.003579,0.004011,0.00458,0.005245,0.005942,0.006637,0.0073,0.00797,0.008756,0.00968,0.010674,0.011738,0.012918,0.014448,0.016255,0.01806,0.019795,0.021682,0.02385,0.026752,0.030838,0.036386,0.043161,0.050768,0.058875,0.067296,0.076004,0.085113,0.09478,0.10518,0.116487,0.128855,0.142421,0.156126,0.169736,0.182995,0.195632,0.20737,0.219812,0.233001,0.246981,0.2618,0.277508,0.294158,0.311807,0.330516,0.350347,0.371368,0.39365,0.417269,0.442305,0.468843,0.496974,0.521916,0.548012,0.575412,0.604183,0.634392
2086,0.001633,0.000125,0.000076,0.000059,0.000052,0.000046,0.000042,0.000038,0.000035,0.000032,0.000031,0.000033,0.000041,0.000056,0.000077,0.000101,0.000126,0.000153,0.000181,0.000211,0.000242,0.000274,0.000302,0.000326,0.000347,0.000366,0.000386,0.00041,0.00044,0.000473,0.000508,0.000541,0.00057,0.000593,0.000612,0.000632,0.000655,0.000677,0.000698,0.000721,0.000748,0.000782,0.000823,0.000872,0.00093,0.000994,0.00107,0.001167,0.001291,0.001436,0.001592,0.001753,0.001923,0.002101,0.002286,0.002505,0.002732,0.002908,0.00301,0.003076,0.003141,0.003277,0.00354,0.003971,0.004539,0.005204,0.005901,0.006593,0.007253,0.007918,0.008698,0.009615,0.010603,0.01166,0.012832,0.014354,0.016152,0.017945,0.019666,0.021536,0.023684,0.026564,0.030632,0.036165,0.042929,0.050521,0.058608,0.067003,0.075677,0.084745,0.094365,0.104712,0.115964,0.128273,0.141781,0.155425,0.168975,0.182176,0.194757,0.206442,0.218829,0.231958,0.245876,0.260628,0.276266,0.292842,0.310413,0.329037,0.34878,0.369706,0.391889,0.415402,0.440326,0.466746,0.494714,0.519449,0.545422,0.572693,0.601328,0.631394
2087,0.001606,0.000123,0.000075,0.000058,0.000051,0.000046,0.000041,0.000038,0.000034,0.000031,0.00003,0.000032,0.00004,0.000056,0.000077,0.0001,0.000125,0.000152,0.00018,0.000209,0.00024,0.000272,0.0003,0.000324,0.000344,0.000363,0.000383,0.000407,0.000436,0.000469,0.000504,0.000537,0.000565,0.000588,0.000606,0.000626,0.000649,0.000671,0.000692,0.000714,0.000741,0.000775,0.000815,0.000863,0.000921,0.000984,0.001059,0.001156,0.001278,0.001423,0.001577,0.001736,0.001905,0.002082,0.002264,0.002481,0.002706,0.00288,0.00298,0.003044,0.003107,0.00324,0.003502,0.003932,0.0045,0.005164,0.005859,0.00655,0.007206,0.007866,0.00864,0.009551,0.010532,0.011582,0.012748,0.014262,0.01605,0.017832,0.019538,0.021391,0.023519,0.026379,0.030429,0.035948,0.042698,0.050276,0.058344,0.066712,0.075352,0.08438,0.093952,0.104248,0.115445,0.127696,0.141145,0.15473,0.168221,0.181363,0.193889,0.205522,0.217853,0.230925,0.24478,0.259467,0.275035,0.291537,0.309029,0.327571,0.347225,0.368059,0.390142,0.413551,0.438364,0.464665,0.492383,0.517003,0.542853,0.569995,0.598495,0.62842
2088,0.00158,0.000121,0.000074,0.000058,0.000051,0.000045,0.000041,0.000037,0.000034,0.000031,0.00003,0.000032,0.00004,0.000055,0.000076,0.000099,0.000124,0.00015,0.000178,0.000207,0.000238,0.00027,0.000298,0.000321,0.000341,0.00036,0.00038,0.000404,0.000433,0.000465,0.0005,0.000532,0.000561,0.000583,0.000601,0.000621,0.000643,0.000665,0.000686,0.000708,0.000734,0.000768,0.000808,0.000855,0.000912,0.000975,0.001049,0.001144,0.001266,0.001409,0.001562,0.00172,0.001887,0.002062,0.002243,0.002457,0.00268,0.002852,0.00295,0.003012,0.003073,0.003204,0.003464,0.003893,0.004461,0.005125,0.005819,0.006507,0.007159,0.007815,0.008583,0.009488,0.010463,0.011506,0.012664,0.01417,0.01595,0.01772,0.019412,0.021248,0.023357,0.026197,0.030229,0.035733,0.04247,0.050033,0.058081,0.066423,0.07503,0.084017,0.093543,0.103788,0.11493,0.127124,0.140514,0.15404,0.167472,0.180557,0.193028,0.204609,0.216886,0.229899,0.243693,0.258314,0.273813,0.290242,0.307657,0.326116,0.345683,0.366424,0.388409,0.411714,0.436417,0.462602,0.490072,0.514576,0.540304,0.56732,0.595686,0.62547
2089,0.001554,0.00012,0.000073,0.000057,0.00005,0.000044,0.00004,0.000037,0.000034,0.00003,0.000029,0.000031,0.000039,0.000054,0.000075,0.000099,0.000123,0.000149,0.000177,0.000206,0.000237,0.000268,0.000296,0.000319,0.000339,0.000357,0.000377,0.000401,0.00043,0.000462,0.000496,0.000528,0.000556,0.000578,0.000596,0.000616,0.000638,0.000659,0.00068,0.000701,0.000728,0.000761,0.0008,0.000847,0.000903,0.000965,0.001038,0.001133,0.001253,0.001395,0.001547,0.001704,0.00187,0.002043,0.002221,0.002434,0.002655,0.002824,0.00292,0.002981,0.003039,0.003169,0.003426,0.003855,0.004422,0.005086,0.005778,0.006465,0.007114,0.007765,0.008527,0.009426,0.010394,0.01143,0.012582,0.01408,0.01585,0.017609,0.019287,0.021108,0.023197,0.026016,0.03003,0.03552,0.042245,0.049792,0.057821,0.066137,0.07471,0.083657,0.093137,0.103331,0.114419,0.126557,0.139888,0.153356,0.16673,0.179758,0.192173,0.203704,0.215926,0.228881,0.242614,0.257171,0.272601,0.288957,0.306295,0.324673,0.344153,0.364802,0.38669,0.409892,0.434485,0.460554,0.487779,0.512168,0.537777,0.564665,0.592899,0.622544
2090,0.001529,0.000118,0.000072,0.000056,0.000049,0.000044,0.00004,0.000036,0.000033,0.00003,0.000029,0.000031,0.000038,0.000054,0.000074,0.000098,0.000122,0.000148,0.000176,0.000204,0.000235,0.000266,0.000293,0.000316,0.000336,0.000354,0.000374,0.000398,0.000426,0.000458,0.000492,0.000523,0.000551,0.000573,0.000591,0.00061,0.000632,0.000653,0.000673,0.000695,0.000721,0.000754,0.000792,0.000839,0.000894,0.000956,0.001028,0.001121,0.001241,0.001382,0.001533,0.001688,0.001853,0.002024,0.0022,0.002411,0.002629,0.002797,0.002891,0.00295,0.003006,0.003133,0.00339,0.003817,0.004384,0.005047,0.005739,0.006423,0.007068,0.007715,0.008471,0.009364,0.010326,0.011356,0.0125,0.013991,0.015752,0.017499,0.019164,0.020968,0.023039,0.025839,0.029835,0.03531,0.042021,0.049554,0.057562,0.065852,0.074392,0.083299,0.092734,0.102878,0.113912,0.125994,0.139268,0.152677,0.165993,0.178964,0.191326,0.202805,0.214974,0.227872,0.241544,0.256037,0.271399,0.287683,0.304944,0.323241,0.342635,0.363193,0.384985,0.408084,0.432569,0.458523,0.485505,0.50978,0.535269,0.562032,0.590134,0.619641
2091,0.001504,0.000116,0.000071,0.000055,0.000049,0.000043,0.000039,0.000036,0.000033,0.00003,0.000028,0.00003,0.000038,0.000053,0.000074,0.000097,0.000121,0.000147,0.000174,0.000203,0.000233,0.000264,0.000291,0.000314,0.000334,0.000352,0.000371,0.000395,0.000423,0.000454,0.000488,0.000519,0.000547,0.000568,0.000586,0.000605,0.000627,0.000647,0.000667,0.000689,0.000714,0.000747,0.000785,0.000831,0.000886,0.000946,0.001018,0.00111,0.001229,0.001369,0.001519,0.001673,0.001836,0.002005,0.002179,0.002388,0.002605,0.00277,0.002862,0.002919,0.002974,0.003099,0.003353,0.00378,0.004346,0.005009,0.005699,0.006381,0.007023,0.007665,0.008416,0.009303,0.010258,0.011282,0.012419,0.013902,0.015654,0.017391,0.019042,0.020831,0.022883,0.025663,0.029642,0.035102,0.0418,0.049317,0.057306,0.065569,0.074076,0.082944,0.092334,0.102429,0.113409,0.125435,0.138652,0.152004,0.165262,0.178177,0.190485,0.201914,0.214029,0.226871,0.240483,0.254912,0.270207,0.286419,0.303604,0.32182,0.341129,0.361597,0.383293,0.406291,0.430668,0.456508,0.483248,0.507411,0.532781,0.55942,0.587391,0.616761
2092,0.001479,0.000115,0.00007,0.000055,0.000048,0.000043,0.000039,0.000035,0.000032,0.000029,0.000028,0.00003,0.000037,0.000052,0.000073,0.000096,0.00012,0.000146,0.000173,0.000201,0.000231,0.000262,0.000289,0.000312,0.000331,0.000349,0.000369,0.000391,0.000419,0.000451,0.000484,0.000515,0.000542,0.000564,0.000581,0.0006,0.000621,0.000642,0.000661,0.000682,0.000708,0.00074,0.000778,0.000823,0.000877,0.000937,0.001008,0.001099,0.001217,0.001356,0.001505,0.001658,0.001819,0.001987,0.002159,0.002366,0.00258,0.002743,0.002834,0.002889,0.002941,0.003064,0.003317,0.003743,0.004309,0.004971,0.005661,0.00634,0.006979,0.007616,0.008362,0.009243,0.010192,0.011209,0.012339,0.013815,0.015558,0.017284,0.018922,0.020695,0.022729,0.02549,0.029451,0.034897,0.041581,0.049083,0.057052,0.065289,0.073763,0.082592,0.091937,0.101982,0.11291,0.124881,0.138042,0.151336,0.164537,0.177397,0.189651,0.20103,0.213092,0.225877,0.23943,0.253796,0.269023,0.285165,0.302275,0.320411,0.339636,0.360014,0.381615,0.404512,0.428782,0.454509,0.48101,0.50506,0.530313,0.556829,0.584671,0.613904
2093,0.001455,0.000113,0.000069,0.000054,0.000047,0.000042,0.000038,0.000035,0.000032,0.000029,0.000027,0.000029,0.000037,0.000052,0.000072,0.000095,0.000119,0.000145,0.000172,0.0002,0.00023,0.00026,0.000287,0.000309,0.000329,0.000346,0.000366,0.000388,0.000416,0.000447,0.00048,0.000511,0.000538,0.000559,0.000576,0.000595,0.000616,0.000636,0.000655,0.000676,0.000701,0.000733,0.00077,0.000815,0.000869,0.000928,0.000998,0.001089,0.001205,0.001343,0.001491,0.001642,0.001802,0.001968,0.002139,0.002343,0.002556,0.002717,0.002806,0.002859,0.00291,0.00303,0.003282,0.003707,0.004272,0.004934,0.005622,0.0063,0.006935,0.007568,0.008308,0.009183,0.010126,0.011137,0.01226,0.013728,0.015463,0.017178,0.018803,0.020561,0.022577,0.025319,0.029262,0.034694,0.041365,0.048851,0.056799,0.065011,0.073452,0.082242,0.091543,0.10154,0.112415,0.124331,0.137436,0.150674,0.163818,0.176622,0.188823,0.200153,0.212162,0.224892,0.238385,0.252688,0.267849,0.28392,0.300956,0.319013,0.338154,0.358443,0.37995,0.402747,0.426911,0.452526,0.478789,0.502729,0.527865,0.554259,0.581972,0.61107
2094,0.001432,0.000112,0.000068,0.000053,0.000047,0.000042,0.000038,0.000035,0.000031,0.000028,0.000027,0.000029,0.000036,0.000051,0.000071,0.000094,0.000118,0.000144,0.00017,0.000198,0.000228,0.000258,0.000285,0.000307,0.000326,0.000344,0.000363,0.000385,0.000413,0.000443,0.000476,0.000507,0.000533,0.000554,0.000571,0.00059,0.00061,0.00063,0.00065,0.00067,0.000695,0.000726,0.000763,0.000808,0.00086,0.000919,0.000988,0.001078,0.001194,0.00133,0.001477,0.001627,0.001786,0.00195,0.002119,0.002321,0.002532,0.002691,0.002778,0.00283,0.002878,0.002997,0.003247,0.003672,0.004236,0.004897,0.005584,0.00626,0.006892,0.00752,0.008255,0.009124,0.010061,0.011065,0.012182,0.013643,0.015369,0.017073,0.018685,0.020429,0.022427,0.02515,0.029076,0.034493,0.04115,0.04862,0.056549,0.064734,0.073143,0.081895,0.091152,0.101101,0.111924,0.123786,0.136835,0.150016,0.163105,0.175854,0.188002,0.199282,0.211239,0.223914,0.237349,0.251589,0.266685,0.282686,0.299647,0.317626,0.336683,0.356884,0.378298,0.400995,0.425055,0.450558,0.476587,0.500416,0.525437,0.551709,0.579294,0.608259
2095,0.001408,0.00011,0.000068,0.000052,0.000046,0.000041,0.000037,0.000034,0.000031,0.000028,0.000026,0.000028,0.000036,0.00005,0.000071,0.000094,0.000117,0.000143,0.000169,0.000197,0.000226,0.000256,0.000282,0.000305,0.000324,0.000341,0.00036,0.000382,0.000409,0.00044,0.000472,0.000502,0.000529,0.00055,0.000567,0.000585,0.000605,0.000625,0.000644,0.000664,0.000689,0.000719,0.000756,0.0008,0.000852,0.00091,0.000978,0.001067,0.001182,0.001318,0.001463,0.001613,0.00177,0.001932,0.002099,0.0023,0.002508,0.002666,0.002751,0.002801,0.002847,0.002964,0.003213,0.003636,0.0042,0.004861,0.005547,0.00622,0.006849,0.007473,0.008203,0.009066,0.009996,0.010995,0.012105,0.013559,0.015276,0.01697,0.018569,0.020298,0.022279,0.024983,0.028892,0.034295,0.040938,0.048392,0.056301,0.06446,0.072837,0.08155,0.090764,0.100665,0.111437,0.123245,0.136238,0.149364,0.162397,0.175092,0.187188,0.198419,0.210324,0.222944,0.23632,0.250499,0.265529,0.281461,0.298349,0.31625,0.335225,0.355338,0.376659,0.399258,0.423214,0.448606,0.474401,0.498121,0.523027,0.549179,0.576638,0.60547
